month,feature_name,eligible_customers,active_users,workflow_runs,api_calls,storage_gb,compute_minutes,ai_tokens_million,athena_scanned_gb,adopted_customers,feature_adoption_rate,feature_cloud_cost_usd,product_area,release_date,minimum_plan,primary_aws_service,primary_usage_metric,business_value,cost_per_active_user_usd,cost_per_adopted_customer_usd,cost_share_pct,mom_cost_growth_pct,mom_adoption_growth_pct,economics_quadrant
2025-01-01,API Integration,110,3433,0,127136755,0.0,14126.305699999999,0.0,0.0,89,0.8090909090909091,3054.3802,Integrations,2024-01-01,Professional,Amazon API Gateway,api_calls,Connect external systems through APIs,0.8897116807457035,34.318878651685395,0.11631082326940596,,,Optimization Priority
2025-01-01,Admin Controls,38,2311,0,0,0.0,854.49,0.0,0.0,32,0.8421052631578947,2441.6445,Administration,2024-01-01,Enterprise,AWS Lambda,admin_actions,Manage enterprise governance and access,1.056531588057118,76.301390625,0.09297784274734922,,,Scale Carefully
2025-01-01,Dashboard Reporting,219,4031,0,0,0.0,12479.4,0.0,19921.7867,184,0.8401826484018264,10994.6269,Analytics,2024-01-01,Starter,Amazon Athena,dashboard_views,Monitor operational KPIs,2.727518456958571,59.75340706521739,0.41867548325482096,,,Scale Carefully
2025-01-01,Data Export,219,3603,0,0,0.0,0.0,0.0,0.0,135,0.6164383561643836,2742.8127,Data Management,2024-01-01,Starter,Amazon S3,exports_count,Export CSV and scheduled reports,0.7612580349708576,20.31713111111111,0.10444633029338724,,,Monitor
2025-01-01,File Storage,219,2110,0,0,11605.9601,0.0,0.0,0.0,95,0.4337899543378995,2680.9143,Data Management,2024-01-01,Starter,Amazon S3,storage_gb,Store files and workflow attachments,1.2705754976303316,28.220150526315788,0.10208923870961552,,,Optimization Priority
2025-01-01,Team Collaboration,219,3564,0,0,0.0,0.0,0.0,0.0,182,0.8310502283105022,2737.7506,Collaboration,2024-01-01,Starter,Amazon DynamoDB,collaboration_actions,"Share workflows, comments, and approvals",0.7681679573512906,15.042585714285714,0.10425356548353414,,,Efficient Winner
2025-01-01,Workflow Automation,219,4148,206541,0,0.0,16523.28,0.0,0.0,205,0.9360730593607306,1608.3693,Core Platform,2024-01-01,Starter,AWS Lambda,workflow_runs,Automate repeatable business processes,0.38774573288331726,7.845703902439025,0.06124671624188704,,,Efficient Winner
2025-02-01,API Integration,122,3516,0,141925523,0.0,15769.5028,0.0,0.0,86,0.7049180327868853,3353.6637,Integrations,2024-01-01,Professional,Amazon API Gateway,api_calls,Connect external systems through APIs,0.9538292662116041,38.99608953488372,0.10975759688735252,0.0979850183680473,-0.12875299318474853,Optimization Priority
2025-02-01,Admin Controls,40,2876,0,0,0.0,1042.44,0.0,0.0,34,0.85,2988.5646,Administration,2024-01-01,Enterprise,AWS Lambda,admin_actions,Manage enterprise governance and access,1.0391392906815022,87.89895882352941,0.09780875424050776,0.22399661375765412,0.009375000000000133,Scale Carefully
2025-02-01,Dashboard Reporting,234,4869,0,0,0.0,15503.28,0.0,23209.9558,196,0.8376068376068376,13137.2218,Analytics,2024-01-01,Starter,Amazon Athena,dashboard_views,Monitor operational KPIs,2.6981355103717393,67.0266418367347,0.42995065204186683,0.19487654465109672,-0.003065774804905108,Scale Carefully
2025-02-01,Data Export,234,2769,0,0,0.0,0.0,0.0,0.0,131,0.5598290598290598,2319.7629,Data Management,2024-01-01,Starter,Amazon S3,exports_count,Export CSV and scheduled reports,0.837761971830986,17.708113740458018,0.07592043330177557,-0.15423940541036574,-0.09183285849952516,Monitor
2025-02-01,File Storage,234,2893,0,0,13701.9727,0.0,0.0,0.0,114,0.48717948717948717,3313.5024,Data Management,2024-01-01,Starter,Amazon S3,storage_gb,Store files and workflow attachments,1.1453516764604217,29.065810526315786,0.1084432111378595,0.23595983653785568,0.12307692307692308,Optimization Priority
2025-02-01,Team Collaboration,234,4655,0,0,0.0,0.0,0.0,0.0,205,0.8760683760683761,3485.2584,Collaboration,2024-01-01,Starter,Amazon DynamoDB,collaboration_actions,"Share workflows, comments, and approvals",0.7487128678839957,17.001260487804878,0.11406438472511697,0.2730372152963825,0.05417018878557345,Efficient Winner
2025-02-01,Workflow Automation,234,5272,280600,0,0.0,22448.0,0.0,0.0,227,0.9700854700854701,1957.2114,Core Platform,2024-01-01,Starter,AWS Lambda,workflow_runs,Automate repeatable business processes,0.37124647192716237,8.622076651982379,0.06405496766552081,0.21689179220220112,0.03633520950594127,Efficient Winner
2025-03-01,API Integration,130,4642,0,191029911,0.0,21225.5451,0.0,0.0,105,0.8076923076923077,4422.3158,Integrations,2024-01-01,Professional,Amazon API Gateway,api_calls,Connect external systems through APIs,0.9526746660922017,42.117293333333336,0.1245763811112852,0.3186521355734029,0.14579606440071569,Optimization Priority
2025-03-01,Admin Controls,42,3331,0,0,0.0,1075.2,0.0,0.0,42,1.0,3283.6812,Administration,2024-01-01,Enterprise,AWS Lambda,admin_actions,Manage enterprise governance and access,0.9857944160912638,78.18288571428572,0.09250111007883297,0.09874860995141277,0.17647058823529416,Scale Carefully
2025-03-01,Dashboard Reporting,254,5286,0,0,0.0,16951.56,0.0,27031.3054,210,0.8267716535433071,14397.5406,Analytics,2024-01-01,Starter,Amazon Athena,dashboard_views,Monitor operational KPIs,2.72371180476731,68.55971714285714,0.4055778885919458,0.09593495635431837,-0.012935883014623228,Scale Carefully
2025-03-01,Data Export,254,4128,0,0,0.0,0.0,0.0,0.0,155,0.610236220472441,3574.9158,Data Management,2024-01-01,Starter,Amazon S3,exports_count,Export CSV and scheduled reports,0.8660164244186047,23.063972903225807,0.10070517196930057,0.5410694774021949,0.09004027168359685,Monitor
2025-03-01,File Storage,254,3726,0,0,15465.117400000001,0.0,0.0,0.0,122,0.48031496062992124,3925.3831,Data Management,2024-01-01,Starter,Amazon S3,storage_gb,Store files and workflow attachments,1.0535112989801396,32.17527131147541,0.11057781560362517,0.18466282082668783,-0.014090343970161623,Optimization Priority
2025-03-01,Team Collaboration,254,4999,0,0,0.0,0.0,0.0,0.0,224,0.8818897637795275,3830.2555,Collaboration,2024-01-01,Starter,Amazon DynamoDB,collaboration_actions,"Share workflows, comments, and approvals",0.7662043408681737,17.099354910714286,0.10789807659633811,0.09898752413881273,0.0066449010946803,Efficient Winner
2025-03-01,Workflow Automation,254,5741,290863,0,0.0,23269.04,0.0,0.0,244,0.9606299212598425,2064.7382,Core Platform,2024-01-01,Starter,AWS Lambda,workflow_runs,Automate repeatable business processes,0.35964783138825984,8.462041803278687,0.05816355604867227,0.0549387766697047,-0.009747129626417883,Efficient Winner
2025-04-01,API Integration,145,4964,0,157344069,0.0,17482.6745,0.0,0.0,117,0.8068965517241379,3786.2905,Integrations,2024-01-01,Professional,Amazon API Gateway,api_calls,Connect external systems through APIs,0.7627498992747784,32.36145726495727,0.10288804670098066,-0.14382177319855816,-0.0009852216748769127,Efficient Winner
2025-04-01,Admin Controls,46,3535,0,0,0.0,1146.1100000000001,0.0,0.0,42,0.9130434782608695,3509.3278999999998,Administration,2024-01-01,Enterprise,AWS Lambda,admin_actions,Manage enterprise governance and access,0.9927377369165488,83.55542619047618,0.0953619097278073,0.06871760267105098,-0.08695652173913049,Scale Carefully
2025-04-01,Dashboard Reporting,281,5665,0,0,0.0,16407.0,0.0,26434.5801,225,0.800711743772242,15165.5888,Analytics,2024-01-01,Starter,Amazon Athena,dashboard_views,Monitor operational KPIs,2.6770677493380406,67.40261688888889,0.41210726136894915,0.05334579157220776,-0.031520081342145345,Optimization Priority
2025-04-01,Data Export,281,4828,0,0,0.0,0.0,0.0,0.0,173,0.6156583629893239,3878.0994,Data Management,2024-01-01,Starter,Amazon S3,exports_count,Export CSV and scheduled reports,0.80325173985087,22.416759537572254,0.10538284692583548,0.08480859884867775,0.00888531741476295,Optimization Priority
2025-04-01,File Storage,281,3476,0,0,17757.2454,0.0,0.0,0.0,132,0.4697508896797153,4180.3906,Data Management,2024-01-01,Starter,Amazon S3,storage_gb,Store files and workflow attachments,1.2026440161104717,31.669625757575755,0.11359725918577576,0.06496372290388663,-0.021994049355346768,Optimization Priority
2025-04-01,Team Collaboration,281,5349,0,0,0.0,0.0,0.0,0.0,242,0.8612099644128114,4055.1569,Collaboration,2024-01-01,Starter,Amazon DynamoDB,collaboration_actions,"Share workflows, comments, and approvals",0.7581149560665544,16.756846694214875,0.11019417884259117,0.05871707514028768,-0.023449415353329894,Efficient Winner
2025-04-01,Workflow Automation,281,5823,316076,0,0.0,25286.08,0.0,0.0,260,0.9252669039145908,2225.2468,Core Platform,2024-01-01,Starter,AWS Lambda,workflow_runs,Automate repeatable business processes,0.38214782758028504,8.558641538461538,0.06046849724806053,0.07773799118939162,-0.03681232133481116,Efficient Winner
2025-05-01,AI Assistant,148,3095,0,0,0.0,10336.2201,229.693774,0.0,64,0.43243243243243246,9893.2683,Artificial Intelligence,2025-05-01,Professional,Amazon Bedrock,ai_tokens_million,Generate summaries and workflow recommendations,3.1965325686591277,154.5823171875,0.20220112592049702,,,Optimization Priority
2025-05-01,API Integration,148,4934,0,205881588,0.0,22875.7319,0.0,0.0,117,0.7905405405405406,4823.4042,Integrations,2024-01-01,Professional,Amazon API Gateway,api_calls,Connect external systems through APIs,0.9775849614916903,41.225676923076925,0.09858195799760673,0.2739128706579699,-0.020270270270270174,Efficient Winner
2025-05-01,Admin Controls,46,3039,0,0,0.0,1000.86,0.0,0.0,36,0.782608695652174,3065.4802,Administration,2024-01-01,Enterprise,AWS Lambda,admin_actions,Manage enterprise governance and access,1.0087134583744652,85.15222777777778,0.06265306156985456,-0.1264765541002879,-0.1428571428571428,Optimization Priority
2025-05-01,Dashboard Reporting,291,6028,0,0,0.0,17594.28,0.0,29215.719,261,0.8969072164948454,16304.3169,Analytics,2024-01-01,Starter,Amazon Athena,dashboard_views,Monitor operational KPIs,2.7047639183808894,62.46864712643678,0.3332317627072327,0.07508630987014508,0.1201374570446736,Scale Carefully
2025-05-01,Data Export,291,3954,0,0,0.0,0.0,0.0,0.0,185,0.6357388316151202,3412.7519,Data Management,2024-01-01,Starter,Amazon S3,exports_count,Export CSV and scheduled reports,0.8631137835103693,18.44730756756757,0.06975068862403293,-0.11999370103819407,0.03261625250779643,Monitor
2025-05-01,File Storage,291,3748,0,0,19639.4217,0.0,0.0,0.0,149,0.5120274914089347,4610.6551,Data Management,2024-01-01,Starter,Amazon S3,storage_gb,Store files and workflow attachments,1.230164114194237,30.943993959731543,0.09423373794998381,0.1029244731341612,0.08999791731750495,Optimization Priority
2025-05-01,Team Collaboration,291,5883,0,0,0.0,0.0,0.0,0.0,265,0.9106529209621993,4459.1222,Collaboration,2024-01-01,Starter,Amazon DynamoDB,collaboration_actions,"Share workflows, comments, and approvals",0.7579673975862655,16.826876226415095,0.0911366701191237,0.09961767447271885,0.05741103632387601,Efficient Winner
2025-05-01,Workflow Automation,291,6349,329794,0,0.0,26383.52,0.0,0.0,279,0.9587628865979382,2358.8608,Core Platform,2024-01-01,Starter,AWS Lambda,workflow_runs,Automate repeatable business processes,0.37153265081115133,8.454698207885304,0.04821099511166844,0.06004457572975719,0.036201427438540934,Efficient Winner
2025-06-01,AI Assistant,156,2774,0,0,0.0,9470.524300000001,210.456098,0.0,58,0.3717948717948718,9004.1257,Artificial Intelligence,2025-05-01,Professional,Amazon Bedrock,ai_tokens_million,Generate summaries and workflow recommendations,3.24589967555876,155.24354655172414,0.16675881610938645,-0.0898734950916068,-0.14022435897435903,Optimization Priority
2025-06-01,API Integration,156,5741,0,256422679,0.0,28491.4087,0.0,0.0,126,0.8076923076923077,5870.2101,Integrations,2024-01-01,Professional,Amazon API Gateway,api_calls,Connect external systems through APIs,1.0225065493816408,46.58896904761905,0.1087178610344548,0.2170263690527947,0.021696252465483123,Monitor
2025-06-01,Admin Controls,47,3837,0,0,0.0,1569.19,0.0,0.0,45,0.9574468085106383,4237.3093,Administration,2024-01-01,Enterprise,AWS Lambda,admin_actions,Manage enterprise governance and access,1.1043287203544436,94.16242888888888,0.07847610150059245,0.3822660802049871,0.22340425531914887,Scale Carefully
2025-06-01,Dashboard Reporting,303,6680,0,0,0.0,19586.04,0.0,32102.4755,253,0.834983498349835,17847.1465,Analytics,2024-01-01,Starter,Amazon Athena,dashboard_views,Monitor operational KPIs,2.6717285179640715,70.54208102766798,0.33053392638341106,0.09462706162194379,-0.06904138689731043,Scale Carefully
2025-06-01,Data Export,303,5089,0,0,0.0,0.0,0.0,0.0,179,0.5907590759075908,4499.787,Data Management,2024-01-01,Starter,Amazon S3,exports_count,Export CSV and scheduled reports,0.8842183140106111,25.138474860335197,0.08333725870401917,0.31852157199004116,-0.07075194005887064,Monitor
2025-06-01,File Storage,303,4449,0,0,22954.1122,0.0,0.0,0.0,162,0.5346534653465347,5390.8452,Data Management,2024-01-01,Starter,Amazon S3,storage_gb,Store files and workflow attachments,1.2116981793661497,33.27682222222222,0.0998398948807399,0.16921458731536876,0.04418898265665505,Optimization Priority
2025-06-01,Team Collaboration,303,6202,0,0,0.0,0.0,0.0,0.0,266,0.8778877887788779,4673.6105,Collaboration,2024-01-01,Starter,Amazon DynamoDB,collaboration_actions,"Share workflows, comments, and approvals",0.7535650596581748,17.569964285714285,0.08655651641295918,0.04810101414130341,-0.03597982439753411,Efficient Winner
2025-06-01,Workflow Automation,303,7287,354915,0,0.0,28393.2,0.0,0.0,285,0.9405940594059405,2471.8663,Core Platform,2024-01-01,Starter,AWS Lambda,workflow_runs,Automate repeatable business processes,0.33921590503636617,8.6732150877193,0.04577962497443694,0.04790681162703625,-0.018950282124986728,Efficient Winner
2025-07-01,AI Assistant,161,3557,0,0,0.0,17065.0439,379.223198,0.0,78,0.484472049689441,16314.0489,Artificial Intelligence,2025-05-01,Professional,Amazon Bedrock,ai_tokens_million,Generate summaries and workflow recommendations,4.586463002530222,209.15447307692307,0.2711473354193211,0.8118415317102914,0.30306275433711716,Optimization Priority
2025-07-01,API Integration,161,6250,0,260925842,0.0,28991.7598,0.0,0.0,140,0.8695652173913043,6026.2192,Integrations,2024-01-01,Professional,Amazon API Gateway,api_calls,Connect external systems through APIs,0.9641950719999999,43.044422857142855,0.10015866010630585,0.02657640822770535,0.07660455486542439,Scale Carefully
2025-07-01,Admin Controls,48,4229,0,0,0.0,1326.15,0.0,0.0,44,0.9166666666666666,4076.6346,Administration,2024-01-01,Enterprise,AWS Lambda,admin_actions,Manage enterprise governance and access,0.9639712934499881,92.65078636363636,0.06775562682469402,-0.03791903980197997,-0.042592592592592626,Efficient Winner
2025-07-01,Dashboard Reporting,319,6600,0,0,0.0,18870.96,0.0,31056.2124,274,0.8589341692789969,17778.9549,Analytics,2024-01-01,Starter,Amazon Athena,dashboard_views,Monitor operational KPIs,2.6937810454545454,64.88669671532847,0.29549477736794594,-0.0038208685069065496,0.028684005104885557,Optimization Priority
2025-07-01,Data Export,319,5013,0,0,0.0,0.0,0.0,0.0,191,0.5987460815047022,3656.265,Data Management,2024-01-01,Starter,Amazon S3,exports_count,Export CSV and scheduled reports,0.729356672651107,19.142748691099477,0.06076888198716409,-0.1874582063551009,0.01351990332918862,Monitor
2025-07-01,File Storage,319,3651,0,0,20352.9502,0.0,0.0,0.0,150,0.4702194357366771,4729.2166,Data Management,2024-01-01,Starter,Amazon S3,storage_gb,Store files and workflow attachments,1.2953208983840043,31.528110666666667,0.07860185338238268,-0.12273188627267573,-0.12051549982584464,Optimization Priority
2025-07-01,Team Collaboration,319,6849,0,0,0.0,0.0,0.0,0.0,281,0.8808777429467085,5064.8884,Collaboration,2024-01-01,Starter,Amazon DynamoDB,collaboration_actions,"Share workflows, comments, and approvals",0.7395077237552927,18.024513879003557,0.08418088006688693,0.08372069088769818,0.003405850048318282,Efficient Winner
2025-07-01,Workflow Automation,319,7364,344894,0,0.0,27591.52,0.0,0.0,308,0.9655172413793104,2520.5038,Core Platform,2024-01-01,Starter,AWS Lambda,workflow_runs,Automate repeatable business processes,0.3422737370994025,8.183453896103895,0.04189198484529941,0.019676428292258352,0.026497277676951203,Efficient Winner
2025-08-01,AI Assistant,167,3037,0,0,0.0,11729.3488,260.652197,0.0,80,0.47904191616766467,11393.8286,Artificial Intelligence,2025-05-01,Professional,Amazon Bedrock,ai_tokens_million,Generate summaries and workflow recommendations,3.751672242344419,142.42285750000002,0.2019401383143091,-0.30159406350682194,-0.011208352525717835,Optimization Priority
2025-08-01,API Integration,167,5520,0,204821964,0.0,22757.9959,0.0,0.0,134,0.8023952095808383,4861.3618,Integrations,2024-01-01,Professional,Amazon API Gateway,api_calls,Connect external systems through APIs,0.8806814855072463,36.27881940298507,0.08616103583372305,-0.1932982125841025,-0.07724550898203586,Monitor
2025-08-01,Admin Controls,50,3482,0,0,0.0,1204.28,0.0,0.0,42,0.84,3543.4883,Administration,2024-01-01,Enterprise,AWS Lambda,admin_actions,Manage enterprise governance and access,1.017658902929351,84.36876904761905,0.06280351781113645,-0.13078098782755754,-0.08363636363636362,Scale Carefully
2025-08-01,Dashboard Reporting,330,7086,0,0,0.0,22275.48,0.0,35751.9014,285,0.8636363636363636,19104.084,Analytics,2024-01-01,Starter,Amazon Athena,dashboard_views,Monitor operational KPIs,2.6960321761219306,67.03187368421052,0.3385939442101296,0.07453357677396433,0.005474452554744547,Scale Carefully
2025-08-01,Data Export,330,5408,0,0,0.0,0.0,0.0,0.0,226,0.6848484848484848,4209.91,Data Management,2024-01-01,Starter,Amazon S3,exports_count,Export CSV and scheduled reports,0.7784596893491124,18.6279203539823,0.07461493739609115,0.15142365227903332,0.14380453752181488,Monitor
2025-08-01,File Storage,330,4148,0,0,26283.1125,0.0,0.0,0.0,169,0.5121212121212121,5789.1912,Data Management,2024-01-01,Starter,Amazon S3,storage_gb,Store files and workflow attachments,1.3956584378013501,34.25556923076923,0.1026055518911335,0.22413323170691757,0.08911111111111092,Optimization Priority
2025-08-01,Team Collaboration,330,6691,0,0,0.0,0.0,0.0,0.0,298,0.9030303030303031,4987.5215,Collaboration,2024-01-01,Starter,Amazon DynamoDB,collaboration_actions,"Share workflows, comments, and approvals",0.7454074876700044,16.73664932885906,0.08839704518247626,-0.015275144068327307,0.025148279952550423,Efficient Winner
2025-08-01,Workflow Automation,330,7477,340652,0,0.0,27252.16,0.0,0.0,313,0.9484848484848485,2532.427,Core Platform,2024-01-01,Starter,AWS Lambda,workflow_runs,Automate repeatable business processes,0.33869559983950787,8.09082108626198,0.04488382936100082,0.004730482850293649,-0.01764069264069268,Efficient Winner
2025-09-01,AI Assistant,179,4137,0,0,0.0,15356.5623,341.256947,0.0,92,0.5139664804469274,14658.4541,Artificial Intelligence,2025-05-01,Professional,Amazon Bedrock,ai_tokens_million,Generate summaries and workflow recommendations,3.5432569736524053,159.33102282608698,0.20142865740892793,0.28652576887105363,0.07290502793296083,Optimization Priority
2025-09-01,API Integration,179,7001,0,245468424,0.0,27274.2685,0.0,0.0,159,0.888268156424581,5760.2661,Integrations,2024-01-01,Professional,Amazon API Gateway,api_calls,Connect external systems through APIs,0.8227776174832167,36.22808867924528,0.07915450421481766,0.18490792024572222,0.10702076211123157,Efficient Winner
2025-09-01,Admin Controls,57,5401,0,0,0.0,1941.8,0.0,0.0,57,1.0,5563.0665,Administration,2024-01-01,Enterprise,AWS Lambda,admin_actions,Manage enterprise governance and access,1.0300067580077763,97.59765789473684,0.0764446924980707,0.569940699395,0.19047619047619047,Scale Carefully
2025-09-01,Advanced Analytics,57,1689,0,0,0.0,36402.0,0.0,31334.8277,20,0.3508771929824561,8686.2793,Analytics,2025-09-01,Enterprise,AWS Glue,analytics_queries,Build advanced cross-workspace analysis,5.14285334517466,434.313965,0.11936221687101113,,,Optimization Priority
2025-09-01,Dashboard Reporting,347,7230,0,0,0.0,22446.12,0.0,33413.337,301,0.8674351585014409,19423.4777,Analytics,2024-01-01,Starter,Amazon Athena,dashboard_views,Monitor operational KPIs,2.686511438450899,64.52982624584718,0.2669070700520358,0.016718608439954652,0.004398604580615695,Scale Carefully
2025-09-01,Data Export,347,5222,0,0,0.0,0.0,0.0,0.0,224,0.6455331412103746,3970.6639,Data Management,2024-01-01,Starter,Amazon S3,exports_count,Export CSV and scheduled reports,0.7603722520107239,17.726178125,0.05456274535792268,-0.056829267133976735,-0.0574073601795414,Monitor
2025-09-01,File Storage,347,5007,0,0,29465.0052,0.0,0.0,0.0,198,0.5706051873198847,6649.6121,Data Management,2024-01-01,Starter,Amazon S3,storage_gb,Store files and workflow attachments,1.328063131615738,33.5838994949495,0.09137542256882067,0.14862540729350937,0.11419947819859155,Optimization Priority
2025-09-01,Team Collaboration,347,7626,0,0,0.0,0.0,0.0,0.0,312,0.899135446685879,5561.8794,Collaboration,2024-01-01,Starter,Amazon DynamoDB,collaboration_actions,"Share workflows, comments, and approvals",0.7293311565696302,17.82653653846154,0.07642838000307096,0.11515898227205645,-0.004313095951879009,Efficient Winner
2025-09-01,Workflow Automation,347,7688,305689,0,0.0,24455.12,0.0,0.0,339,0.9769452449567724,2498.737,Core Platform,2024-01-01,Starter,AWS Lambda,workflow_runs,Automate repeatable business processes,0.3250178199791884,7.3709056047197645,0.0343363110253224,-0.013303443692552652,0.030006168804264766,Efficient Winner
2025-10-01,AI Assistant,194,4024,0,0,0.0,14522.0386,322.711964,0.0,104,0.5360824742268041,14154.6804,Artificial Intelligence,2025-05-01,Professional,Amazon Bedrock,ai_tokens_million,Generate summaries and workflow recommendations,3.517564711729622,136.10269615384615,0.19015025423958565,-0.03436745079414627,0.04303003137606454,Optimization Priority
2025-10-01,API Integration,194,7110,0,280996706,0.0,31221.8561,0.0,0.0,173,0.8917525773195877,6597.4971,Integrations,2024-01-01,Professional,Amazon API Gateway,api_calls,Connect external systems through APIs,0.9279180168776371,38.13582138728324,0.08862904109865519,0.1453458894893762,0.0039227128314855975,Efficient Winner
2025-10-01,Admin Controls,58,4515,0,0,0.0,1488.83,0.0,0.0,55,0.9482758620689655,4486.7653,Administration,2024-01-01,Enterprise,AWS Lambda,admin_actions,Manage enterprise governance and access,0.9937464673311185,81.5775509090909,0.06027402515625509,-0.19347264678572507,-0.051724137931034475,Scale Carefully
2025-10-01,Advanced Analytics,58,1734,0,0,0.0,43833.0,0.0,43620.194,21,0.3620689655172414,10302.380000000001,Analytics,2025-09-01,Enterprise,AWS Glue,analytics_queries,Build advanced cross-workspace analysis,5.941395617070358,490.5895238095239,0.1383994637047985,0.18605212245477776,0.03189655172413808,Optimization Priority
2025-10-01,Dashboard Reporting,364,6736,0,0,0.0,21091.8,0.0,30581.2037,313,0.8598901098901099,18304.5231,Analytics,2024-01-01,Starter,Amazon Athena,dashboard_views,Monitor operational KPIs,2.7174173248218527,58.48090447284345,0.24589814978792232,-0.05760835506815554,-0.008698112518710444,Scale Carefully
2025-10-01,Data Export,364,5834,0,0,0.0,0.0,0.0,0.0,211,0.5796703296703297,5258.6461,Data Management,2024-01-01,Starter,Amazon S3,exports_count,Export CSV and scheduled reports,0.9013791738087076,24.92249336492891,0.07064326884208601,0.324374520845242,-0.10202855180533743,Monitor
2025-10-01,File Storage,364,4336,0,0,27738.7869,0.0,0.0,0.0,190,0.521978021978022,6945.8135,Data Management,2024-01-01,Starter,Amazon S3,storage_gb,Store files and workflow attachments,1.6018942573800738,36.55691315789474,0.09330823201954784,0.04454416220759705,-0.08522033522033523,Optimization Priority
2025-10-01,Team Collaboration,364,7952,0,0,0.0,0.0,0.0,0.0,330,0.9065934065934066,5810.8671,Collaboration,2024-01-01,Starter,Amazon DynamoDB,collaboration_actions,"Share workflows, comments, and approvals",0.7307428445674045,17.608688181818184,0.078061660538619,0.04476682827750644,0.00829459002535926,Efficient Winner
2025-10-01,Workflow Automation,364,8021,316165,0,0.0,25293.2,0.0,0.0,347,0.9532967032967034,2578.2777,Core Platform,2024-01-01,Starter,AWS Lambda,workflow_runs,Automate repeatable business processes,0.3214409300585962,7.4301951008645535,0.03463590461253044,0.03183236170913539,-0.024206619339362634,Efficient Winner
2025-11-01,AI Assistant,201,5889,0,0,0.0,24612.8639,546.952523,0.0,124,0.6169154228855721,23332.5268,Artificial Intelligence,2025-05-01,Professional,Amazon Bedrock,ai_tokens_million,Generate summaries and workflow recommendations,3.9620524367464762,188.1655387096774,0.25793129759244976,0.6483965826596834,0.15078453884424037,Optimization Priority
2025-11-01,API Integration,201,7099,0,256675252,0.0,28519.4724,0.0,0.0,162,0.8059701492537313,6026.0038,Integrations,2024-01-01,Professional,Amazon API Gateway,api_calls,Connect external systems through APIs,0.8488524862656712,37.197554320987656,0.06661494456875683,-0.08662274364622291,-0.09619532395824348,Efficient Winner
2025-11-01,Admin Controls,62,5128,0,0,0.0,1774.15,0.0,0.0,56,0.9032258064516129,5215.7647,Administration,2024-01-01,Enterprise,AWS Lambda,admin_actions,Manage enterprise governance and access,1.0171148010920437,93.13865535714285,0.05765809115058616,0.1624777208649626,-0.0475073313782991,Scale Carefully
2025-11-01,Advanced Analytics,62,1882,0,0,0.0,44857.5,0.0,45356.8938,20,0.3225806451612903,10820.8718,Analytics,2025-09-01,Enterprise,AWS Glue,analytics_queries,Build advanced cross-workspace analysis,5.749666206163656,541.04359,0.11962019923429587,0.05032738066349718,-0.10906298003072201,Optimization Priority
2025-11-01,Dashboard Reporting,380,8405,0,0,0.0,27050.64,0.0,43635.1267,326,0.8578947368421053,22583.3303,Analytics,2024-01-01,Starter,Amazon Athena,dashboard_views,Monitor operational KPIs,2.6868923616894707,69.27401932515338,0.24964924451465276,0.23375682483637084,-0.0023204977299479124,Scale Carefully
2025-11-01,Data Export,380,5488,0,0,0.0,0.0,0.0,0.0,217,0.5710526315789474,4910.5614,Data Management,2024-01-01,Starter,Amazon S3,exports_count,Export CSV and scheduled reports,0.8947815962099125,22.62931520737327,0.054284196678149606,-0.06619283621310823,-0.01486655026191075,Monitor
2025-11-01,File Storage,380,5632,0,0,33334.6971,0.0,0.0,0.0,206,0.5421052631578948,8474.3071,Data Management,2024-01-01,Starter,Amazon S3,storage_gb,Store files and workflow attachments,1.504671004971591,41.13741310679612,0.09367991067730864,0.22005969495149835,0.03855955678670364,Optimization Priority
2025-11-01,Team Collaboration,380,8796,0,0,0.0,0.0,0.0,0.0,353,0.9289473684210526,6432.084,Collaboration,2024-01-01,Starter,Amazon DynamoDB,collaboration_actions,"Share workflows, comments, and approvals",0.7312510231923601,18.221201133144476,0.07110399086067415,0.10690605882209891,0.024657097288676155,Efficient Winner
2025-11-01,Workflow Automation,380,8035,320337,0,0.0,25626.96,0.0,0.0,364,0.9578947368421052,2664.789,Core Platform,2024-01-01,Starter,AWS Lambda,workflow_runs,Automate repeatable business processes,0.3316476664592409,7.320848901098902,0.029458124723126287,0.03355391081418424,0.004823297436675089,Efficient Winner
2025-12-01,AI Assistant,215,5793,0,0,0.0,24415.1305,542.558456,0.0,132,0.6139534883720931,23141.9927,Artificial Intelligence,2025-05-01,Professional,Amazon Bedrock,ai_tokens_million,Generate summaries and workflow recommendations,3.994820075953737,175.3181265151515,0.2570905589070416,-0.008166029407496556,-0.004801200300074915,Optimization Priority
2025-12-01,API Integration,215,7702,0,293487540,0.0,32609.7267,0.0,0.0,184,0.8558139534883721,6903.7046,Integrations,2024-01-01,Professional,Amazon API Gateway,api_calls,Connect external systems through APIs,0.8963521942352636,37.52013369565218,0.07669509264615376,0.14565221482269886,0.061843238587424576,Efficient Winner
2025-12-01,Admin Controls,65,5335,0,0,0.0,1777.65,0.0,0.0,65,1.0,5298.8135,Administration,2024-01-01,Enterprise,AWS Lambda,admin_actions,Manage enterprise governance and access,0.9932171508903468,81.5202076923077,0.05886593008298621,0.015922650805163974,0.1071428571428572,Scale Carefully
2025-12-01,Advanced Analytics,65,1785,0,0,0.0,35557.5,0.0,29635.6502,21,0.3230769230769231,8793.4095,Analytics,2025-09-01,Enterprise,AWS Glue,analytics_queries,Build advanced cross-workspace analysis,4.926279831932773,418.7337857142857,0.09768832755069917,-0.18736589227496447,0.0015384615384617106,Optimization Priority
2025-12-01,Dashboard Reporting,396,8655,0,0,0.0,24954.6,0.0,39974.7211,338,0.8535353535353535,22989.1639,Analytics,2024-01-01,Starter,Amazon Athena,dashboard_views,Monitor operational KPIs,2.656171450028885,68.01527781065089,0.2553927430742204,0.017970493926664055,-0.005081489744066525,Scale Carefully
2025-12-01,Data Export,396,6605,0,0,0.0,0.0,0.0,0.0,249,0.6287878787878788,4914.785,Data Management,2024-01-01,Starter,Amazon S3,exports_count,Export CSV and scheduled reports,0.7441006813020439,19.73809236947791,0.05459965522147729,0.0008601053231918065,0.10110319787739153,Monitor
2025-12-01,File Storage,396,5242,0,0,34960.8641,0.0,0.0,0.0,203,0.5126262626262627,8594.7883,Data Management,2024-01-01,Starter,Amazon S3,storage_gb,Store files and workflow attachments,1.6396009729111027,42.338858620689656,0.09548179175316661,0.014217233170603416,-0.0543787388447583,Optimization Priority
2025-12-01,Team Collaboration,396,8853,0,0,0.0,0.0,0.0,0.0,362,0.9141414141414141,6435.7647,Collaboration,2024-01-01,Starter,Amazon DynamoDB,collaboration_actions,"Share workflows, comments, and approvals",0.7269586241951881,17.778355524861876,0.07149662369901313,0.0005722406610362274,-0.01593842103757115,Efficient Winner
2025-12-01,Workflow Automation,396,8973,384773,0,0.0,30781.84,0.0,0.0,375,0.946969696969697,2942.5235,Core Platform,2024-01-01,Starter,AWS Lambda,workflow_runs,Automate repeatable business processes,0.3279308480998551,7.846729333333332,0.03268927706524184,0.1042238241001443,-0.011405261405261324,Efficient Winner
2026-01-01,AI Assistant,223,6528,0,0,0.0,29296.7757,651.039455,0.0,133,0.5964125560538116,36363.7107,Artificial Intelligence,2025-05-01,Professional,Amazon Bedrock,ai_tokens_million,Generate summaries and workflow recommendations,5.570421369485294,273.4113586466166,0.32310438558249915,0.571330143060671,-0.028570457942655447,Optimization Priority
2026-01-01,API Integration,223,8209,0,311873881,0.0,34652.6539,0.0,0.0,192,0.8609865470852018,7325.04,Integrations,2024-01-01,Professional,Amazon API Gateway,api_calls,Connect external systems through APIs,0.8923181873553417,38.15125,0.06508556203443862,0.06103033435121197,0.00604406317020878,Efficient Winner
2026-01-01,Admin Controls,71,5983,0,0,0.0,1960.56,0.0,0.0,70,0.9859154929577465,5914.6405,Administration,2024-01-01,Enterprise,AWS Lambda,admin_actions,Manage enterprise governance and access,0.9885743774026409,84.49486428571429,0.05255366539625082,0.11621979146841088,-0.014084507042253502,Scale Carefully
2026-01-01,Advanced Analytics,71,2108,0,0,0.0,48672.0,0.0,44283.431000000004,27,0.38028169014084506,11914.2363,Analytics,2025-09-01,Enterprise,AWS Glue,analytics_queries,Build advanced cross-workspace analysis,5.651914753320684,441.26801111111115,0.10586218857461673,0.35490520485825217,0.17706237424547266,Optimization Priority
2026-01-01,Dashboard Reporting,411,8469,0,0,0.0,26040.36,0.0,39299.4541,350,0.851581508515815,22799.0025,Analytics,2024-01-01,Starter,Amazon Athena,dashboard_views,Monitor operational KPIs,2.6920536663124333,65.14000714285714,0.20257717248466509,-0.008271784081716915,-0.0022891202004059474,Scale Carefully
2026-01-01,Data Export,411,6649,0,0,0.0,0.0,0.0,0.0,261,0.635036496350365,5688.0176,Data Management,2024-01-01,Starter,Amazon S3,exports_count,Export CSV and scheduled reports,0.8554696345315085,21.793170881226054,0.050540041058858204,0.15732785869575183,0.009937560460821393,Monitor
2026-01-01,File Storage,411,6700,0,0,43794.9756,0.0,0.0,0.0,221,0.537712895377129,12076.5168,Data Management,2024-01-01,Starter,Amazon S3,storage_gb,Store files and workflow attachments,1.8024651940298506,54.644872398190046,0.10730410801119723,0.40509764504612633,0.04893747078494126,Optimization Priority
2026-01-01,Team Collaboration,411,9885,0,0,0.0,0.0,0.0,0.0,381,0.927007299270073,7256.7464,Collaboration,2024-01-01,Starter,Amazon DynamoDB,collaboration_actions,"Share workflows, comments, and approvals",0.7341169853313101,19.04657847769029,0.06447874932906703,0.1275655245755023,0.014074283179416947,Efficient Winner
2026-01-01,Workflow Automation,411,10106,451339,0,0.0,36107.12,0.0,0.0,381,0.927007299270073,3206.8652,Core Platform,2024-01-01,Starter,AWS Lambda,workflow_runs,Automate repeatable business processes,0.31732289728873936,8.416969028871392,0.028494127528407003,0.08983503445257113,-0.021080291970802967,Efficient Winner
2026-02-01,AI Assistant,231,7015,0,0,0.0,29722.510000000002,660.500208,0.0,158,0.683982683982684,36445.5453,Artificial Intelligence,2025-05-01,Professional,Amazon Bedrock,ai_tokens_million,Generate summaries and workflow recommendations,5.195373528153955,230.66800822784808,0.32890085871764796,0.002250446899523695,0.14682810923412437,Optimization Priority
2026-02-01,API Integration,231,8443,0,304625194,0.0,33847.2436,0.0,0.0,203,0.8787878787878788,7251.409,Integrations,2024-01-01,Professional,Amazon API Gateway,api_calls,Connect external systems through APIs,0.858866398199692,35.72122660098522,0.06543994958453485,-0.010051958760634805,0.020675505050504972,Efficient Winner
2026-02-01,Admin Controls,73,5769,0,0,0.0,2040.5,0.0,0.0,66,0.9041095890410958,5891.9616,Administration,2024-01-01,Enterprise,AWS Lambda,admin_actions,Manage enterprise governance and access,1.0213141965678627,89.27214545454545,0.05317168981338872,-0.003834366602670225,-0.0829745596868885,Scale Carefully
2026-02-01,Advanced Analytics,73,2015,0,0,0.0,43369.5,0.0,43613.9463,26,0.3561643835616438,10449.7057,Analytics,2025-09-01,Enterprise,AWS Glue,analytics_queries,Build advanced cross-workspace analysis,5.185958163771712,401.91175769230773,0.09430280572799389,-0.12292274243377233,-0.06341958396752922,Optimization Priority
2026-02-01,Dashboard Reporting,425,9229,0,0,0.0,26875.56,0.0,43882.611,358,0.8423529411764706,24672.672300000002,Analytics,2024-01-01,Starter,Amazon Athena,dashboard_views,Monitor operational KPIs,2.6733852313360065,68.91807905027933,0.22265720102503522,0.08218209546667676,-0.010836974789915854,Scale Carefully
2026-02-01,Data Export,425,6612,0,0,0.0,0.0,0.0,0.0,273,0.6423529411764706,5055.965,Data Management,2024-01-01,Starter,Amazon S3,exports_count,Export CSV and scheduled reports,0.7646650030248034,18.520018315018316,0.04562728356670721,-0.11112001481851952,0.01152129817444214,Monitor
2026-02-01,File Storage,425,5716,0,0,38078.6321,0.0,0.0,0.0,224,0.5270588235294118,10526.0862,Data Management,2024-01-01,Starter,Amazon S3,storage_gb,Store files and workflow attachments,1.8415126312106367,46.99145625,0.0949920974324394,-0.12838392275494537,-0.019813681128559968,Optimization Priority
2026-02-01,Team Collaboration,425,9717,0,0,0.0,0.0,0.0,0.0,387,0.9105882352941177,7184.4062,Collaboration,2024-01-01,Starter,Amazon DynamoDB,collaboration_actions,"Share workflows, comments, and approvals",0.7393646392919626,18.564357105943152,0.06483528642817135,-0.009968682383609262,-0.017711903659101358,Efficient Winner
2026-02-01,Workflow Automation,425,10098,454281,0,0.0,36342.48,0.0,0.0,408,0.96,3332.3738,Core Platform,2024-01-01,Starter,AWS Lambda,workflow_runs,Automate repeatable business processes,0.3300033471974648,8.167582843137254,0.030072827704081345,0.03913747294398262,0.035590551181102326,Efficient Winner
2026-03-01,AI Assistant,243,8018,0,0,0.0,38113.951,846.976693,0.0,170,0.6995884773662552,47326.3928,Artificial Intelligence,2025-05-01,Professional,Amazon Bedrock,ai_tokens_million,Generate summaries and workflow recommendations,5.90251843352457,278.39054588235297,0.35204954916950276,0.29855082179275283,0.02281606501015787,Optimization Priority
2026-03-01,API Integration,243,9203,0,372160710,0.0,41351.1909,0.0,0.0,213,0.8765432098765432,8626.2144,Integrations,2024-01-01,Professional,Amazon API Gateway,api_calls,Connect external systems through APIs,0.9373263501032273,40.498659154929584,0.06416831520190301,0.1895914849100362,-0.0025542784163473664,Efficient Winner
2026-03-01,Admin Controls,81,6264,0,0,0.0,2189.46,0.0,0.0,72,0.8888888888888888,6369.6381,Administration,2024-01-01,Enterprise,AWS Lambda,admin_actions,Manage enterprise governance and access,1.0168643199233716,88.46719583333334,0.047382191813230445,0.08107257521841293,-0.01683501683501687,Scale Carefully
2026-03-01,Advanced Analytics,81,2541,0,0,0.0,62083.5,0.0,59087.5298,29,0.35802469135802467,14815.2478,Analytics,2025-09-01,Enterprise,AWS Glue,analytics_queries,Build advanced cross-workspace analysis,5.830479260133806,510.8706137931034,0.11020703248747214,0.41776699031820574,0.005223171889838563,Optimization Priority
2026-03-01,Dashboard Reporting,440,10188,0,0,0.0,31652.04,0.0,48363.4031,378,0.8590909090909091,27094.2716,Analytics,2024-01-01,Starter,Amazon Athena,dashboard_views,Monitor operational KPIs,2.659429878288182,71.6779671957672,0.20154771022092483,0.09814904808669622,0.01987049263585572,Scale Carefully
2026-03-01,Data Export,440,7976,0,0,0.0,0.0,0.0,0.0,264,0.6,6766.9605,Data Management,2024-01-01,Starter,Amazon S3,exports_count,Export CSV and scheduled reports,0.8484153084252758,25.632426136363637,0.05033777671035247,0.3384112627361937,-0.06593406593406592,Monitor
2026-03-01,File Storage,440,6172,0,0,44188.6788,0.0,0.0,0.0,233,0.5295454545454545,11913.054,Data Management,2024-01-01,Starter,Amazon S3,storage_gb,Store files and workflow attachments,1.9301772521062865,51.12898712446352,0.088618317217955,0.13176481492237824,0.004717938311688208,Optimization Priority
2026-03-01,Team Collaboration,440,10534,0,0,0.0,0.0,0.0,0.0,407,0.925,7836.9915,Collaboration,2024-01-01,Starter,Amazon DynamoDB,collaboration_actions,"Share workflows, comments, and approvals",0.7439710936016708,19.255507371007372,0.05829747760577741,0.09083357508376966,0.015826873385012874,Efficient Winner
2026-03-01,Workflow Automation,440,10998,531774,0,0.0,42541.92,0.0,0.0,424,0.9636363636363636,3682.2857,Core Platform,2024-01-01,Starter,AWS Lambda,workflow_runs,Automate repeatable business processes,0.3348141207492271,8.68463608490566,0.02739162957288194,0.10500379639282964,0.0037878787878788955,Efficient Winner
2026-04-01,AI Assistant,249,7946,0,0,0.0,40200.3419,893.3409340000001,0.0,174,0.6987951807228916,49883.5745,Artificial Intelligence,2025-05-01,Professional,Amazon Bedrock,ai_tokens_million,Generate summaries and workflow recommendations,6.277822111754342,286.687209770115,0.37137513080738566,0.054032888388654055,-0.001133947554925574,Optimization Priority
2026-04-01,API Integration,249,9214,0,345353633,0.0,38372.6259,0.0,0.0,209,0.8393574297188755,8049.9492,Integrations,2024-01-01,Professional,Amazon API Gateway,api_calls,Connect external systems through APIs,0.8736649880616453,38.516503349282296,0.05993056766897908,-0.06680395052550525,-0.04242321398269133,Efficient Winner
2026-04-01,Admin Controls,87,6935,0,0,0.0,2193.45,0.0,0.0,81,0.9310344827586207,6653.3743,Administration,2024-01-01,Enterprise,AWS Lambda,admin_actions,Manage enterprise governance and access,0.9593906705118962,82.14042345679013,0.04953329378938147,0.04454510531767886,0.0474137931034484,Scale Carefully
2026-04-01,Advanced Analytics,87,2599,0,0,0.0,53758.5,0.0,44985.6013,32,0.367816091954023,13097.0377,Analytics,2025-09-01,Enterprise,AWS Glue,analytics_queries,Build advanced cross-workspace analysis,5.039260369372836,409.282428125,0.09750532390229495,-0.11597579218350962,0.027348394768133222,Optimization Priority
2026-04-01,Dashboard Reporting,443,9688,0,0,0.0,29886.0,0.0,44420.5372,375,0.8465011286681715,25941.2876,Analytics,2024-01-01,Starter,Amazon Athena,dashboard_views,Monitor operational KPIs,2.677672130470685,69.17676693333333,0.19312868358625765,-0.04255453023509226,-0.014654770862445932,Scale Carefully
2026-04-01,Data Export,443,7997,0,0,0.0,0.0,0.0,0.0,277,0.6252821670428894,6613.9941,Data Management,2024-01-01,Starter,Amazon S3,exports_count,Export CSV and scheduled reports,0.827059409778667,23.87723501805054,0.04924011458013653,-0.022604890334441907,0.04213694507148236,Monitor
2026-04-01,File Storage,443,6238,0,0,46044.1234,0.0,0.0,0.0,239,0.5395033860045146,12374.804,Data Management,2024-01-01,Starter,Amazon S3,storage_gb,Store files and workflow attachments,1.9837774927861493,51.77742259414226,0.09212841101063755,0.03876000226306364,0.018804677433418293,Optimization Priority
2026-04-01,Team Collaboration,443,10504,0,0,0.0,0.0,0.0,0.0,404,0.9119638826185101,7813.8541000000005,Collaboration,2024-01-01,Starter,Amazon DynamoDB,collaboration_actions,"Share workflows, comments, and approvals",0.743893193069307,19.34122301980198,0.05817287789786048,-0.0029523318993008862,-0.01409309987188101,Efficient Winner
2026-04-01,Workflow Automation,443,11248,577820,0,0.0,46225.6,0.0,0.0,434,0.9796839729119639,3893.3818,Core Platform,2024-01-01,Starter,AWS Lambda,workflow_runs,Automate repeatable business processes,0.34613991820768136,8.970925806451612,0.02898559675706669,0.05732746375437414,0.016653179436943555,Efficient Winner
2026-05-01,AI Assistant,245,8138,0,0,0.0,40498.1498,899.958899,0.0,178,0.726530612244898,50407.7693,Artificial Intelligence,2025-05-01,Professional,Amazon Bedrock,ai_tokens_million,Generate summaries and workflow recommendations,6.194122548537724,283.18971516853935,0.3447832044990562,0.010508364832596317,0.03969035890218153,Optimization Priority
2026-05-01,API Integration,245,9926,0,394085822,0.0,43787.3133,0.0,0.0,212,0.8653061224489796,9046.5775,Integrations,2024-01-01,Professional,Amazon API Gateway,api_calls,Connect external systems through APIs,0.9114021257304049,42.672535377358486,0.06187752450690295,0.12380553904613456,0.030914949711942308,Efficient Winner
2026-05-01,Admin Controls,86,6858,0,0,0.0,2459.73,0.0,0.0,84,0.9767441860465116,7056.0923,Administration,2024-01-01,Enterprise,AWS Lambda,admin_actions,Manage enterprise governance and access,1.0288848498104404,84.00109880952381,0.04826284019743591,0.060528384822720716,0.04909560723514206,Scale Carefully
2026-05-01,Advanced Analytics,86,3255,0,0,0.0,81940.5,0.0,68144.884,36,0.4186046511627907,19645.7619,Analytics,2025-09-01,Enterprise,AWS Glue,analytics_queries,Build advanced cross-workspace analysis,6.035564331797236,545.7156083333334,0.1343746973287998,0.5000156791180346,0.13808139534883734,Optimization Priority
2026-05-01,Dashboard Reporting,437,10653,0,0,0.0,33596.52,0.0,53559.6304,388,0.8878718535469108,28406.2003,Analytics,2024-01-01,Starter,Amazon Athena,dashboard_views,Monitor operational KPIs,2.666497728339435,73.21185644329897,0.19429506409592404,0.09501890337933738,0.04887261632341744,Scale Carefully
2026-05-01,Data Export,437,7818,0,0,0.0,0.0,0.0,0.0,285,0.6521739130434783,6950.5709,Data Management,2024-01-01,Starter,Amazon S3,exports_count,Export CSV and scheduled reports,0.8890471859810692,24.387968070175436,0.04754108625076351,0.05088858485676595,0.04300737717783698,Monitor
2026-05-01,File Storage,437,6418,0,0,49282.8044,0.0,0.0,0.0,236,0.540045766590389,13038.9288,Data Management,2024-01-01,Starter,Amazon S3,storage_gb,Store files and workflow attachments,2.0316186974135246,55.24969830508474,0.08918473714128494,0.05366750051152325,0.0010053330524784077,Optimization Priority
2026-05-01,Team Collaboration,437,10798,0,0,0.0,0.0,0.0,0.0,410,0.9382151029748284,7962.4159,Collaboration,2024-01-01,Starter,Amazon DynamoDB,collaboration_actions,"Share workflows, comments, and approvals",0.7373972865345434,19.420526585365852,0.05446198686590633,0.01901261504230023,0.028785372816457766,Efficient Winner
2026-05-01,Workflow Automation,437,11439,549885,0,0.0,43990.8,0.0,0.0,412,0.9427917620137299,3687.0312,Core Platform,2024-01-01,Starter,AWS Lambda,workflow_runs,Automate repeatable business processes,0.3223211119853134,8.949104854368931,0.025218859113926323,-0.0530003504922123,-0.037657256746354006,Efficient Winner
2026-06-01,AI Assistant,243,8122,0,0,0.0,39913.2279,886.960623,0.0,182,0.7489711934156379,49396.0951,Artificial Intelligence,2025-05-01,Professional,Amazon Bedrock,ai_tokens_million,Generate summaries and workflow recommendations,6.081764971681851,271.4071159340659,0.35384689162730565,-0.02006980697715588,0.030887316779951046,Optimization Priority
2026-06-01,API Integration,243,8359,0,318040679,0.0,35337.8533,0.0,0.0,198,0.8148148148148148,7444.7072,Integrations,2024-01-01,Professional,Amazon API Gateway,api_calls,Connect external systems through APIs,0.8906217490130398,37.599531313131315,0.053329853229540446,-0.177069206559055,-0.05835080363382261,Efficient Winner
2026-06-01,Admin Controls,86,5865,0,0,0.0,1933.75,0.0,0.0,78,0.9069767441860465,5853.1068,Administration,2024-01-01,Enterprise,AWS Lambda,admin_actions,Manage enterprise governance and access,0.9979721739130434,75.03983076923076,0.04192848935426569,-0.17048891211357886,-0.0714285714285714,Scale Carefully
2026-06-01,Advanced Analytics,86,3177,0,0,0.0,74155.5,0.0,75834.5518,41,0.47674418604651164,18200.5746,Analytics,2025-09-01,Enterprise,AWS Glue,analytics_queries,Build advanced cross-workspace analysis,5.728855712936733,443.91645365853657,0.1303790660983016,-0.07356229335142261,0.13888888888888884,Optimization Priority
2026-06-01,Dashboard Reporting,433,10128,0,0,0.0,32311.56,0.0,52314.2491,370,0.8545034642032333,27055.4016,Analytics,2024-01-01,Starter,Amazon Athena,dashboard_views,Monitor operational KPIs,2.6713469194312798,73.12270702702703,0.19381025440386343,-0.047552952726310216,-0.03758243851336873,Scale Carefully
2026-06-01,Data Export,433,8146,0,0,0.0,0.0,0.0,0.0,295,0.6812933025404158,6561.6658,Data Management,2024-01-01,Starter,Amazon S3,exports_count,Export CSV and scheduled reports,0.8055077093051805,22.242934915254235,0.04700422255092787,-0.05595297215081996,0.04464973056197086,Monitor
2026-06-01,File Storage,433,6036,0,0,51537.0264,0.0,0.0,0.0,216,0.49884526558891457,13262.9273,Data Management,2024-01-01,Starter,Amazon S3,storage_gb,Store files and workflow attachments,2.1973040589794564,61.4024412037037,0.09500843314604303,0.017179210304453907,-0.07629075821035747,Optimization Priority
2026-06-01,Team Collaboration,433,11427,0,0,0.0,0.0,0.0,0.0,406,0.9376443418013857,8349.1177,Collaboration,2024-01-01,Starter,Amazon DynamoDB,collaboration_actions,"Share workflows, comments, and approvals",0.7306482628861469,20.564329310344828,0.059808560575378755,0.0485658881496005,-0.0006083478848645241,Efficient Winner
2026-06-01,Workflow Automation,433,10179,487704,0,0.0,39016.32,0.0,0.0,414,0.9561200923787528,3473.7729,Core Platform,2024-01-01,Starter,AWS Lambda,workflow_runs,Automate repeatable business processes,0.3412685823754789,8.390755797101448,0.024884229014373472,-0.05784011266300104,0.014137088275521847,Efficient Winner
