month,aws_service,environment,cost_category,cost_usd,monthly_cost_share_pct,budget_usd,variance_usd,variance_pct
2025-01-01,AWS Lambda,production,direct_product_cost,4288.5809,0.08535558039072692,49238.83,1004.87,0.0204
2025-01-01,AWS Step Functions,production,direct_product_cost,450.43,0.008964903536131295,49238.83,1004.87,0.0204
2025-01-01,AWS Support,production,shared_platform_cost,2790.14,0.0555321269726736,49238.83,1004.87,0.0204
2025-01-01,Amazon API Gateway,production,direct_product_cost,2255.8905,0.044898964812678986,49238.83,1004.87,0.0204
2025-01-01,Amazon Athena,production,direct_product_cost,5266.5476,0.10482004129930018,49238.83,1004.87,0.0204
2025-01-01,Amazon CloudFront,production,direct_product_cost,481.7176,0.009587620308719846,49238.83,1004.87,0.0204
2025-01-01,Amazon CloudFront,production,shared_platform_cost,2004.77,0.039900916151521734,49238.83,1004.87,0.0204
2025-01-01,Amazon CloudWatch,development,non_production_cost,350.27,0.0069714201132267135,49238.83,1004.87,0.0204
2025-01-01,Amazon CloudWatch,production,direct_product_cost,1373.0698,0.0273281937379284,49238.83,1004.87,0.0204
2025-01-01,Amazon CloudWatch,production,shared_platform_cost,1645.74,0.03275514585074866,49238.83,1004.87,0.0204
2025-01-01,Amazon CloudWatch,staging,non_production_cost,284.87,0.00566976460346274,49238.83,1004.87,0.0204
2025-01-01,Amazon DynamoDB,production,direct_product_cost,2245.1395,0.04468498777314577,49238.83,1004.87,0.0204
2025-01-01,Amazon EC2,development,non_production_cost,1669.03,0.03321868647494442,49238.83,1004.87,0.0204
2025-01-01,Amazon EC2,production,shared_platform_cost,6292.17,0.12523299310201197,49238.83,1004.87,0.0204
2025-01-01,Amazon EC2,staging,non_production_cost,1112.4,0.022140085459655113,49238.83,1004.87,0.0204
2025-01-01,Amazon QuickSight,production,direct_product_cost,4070.2122,0.08100939045930497,49238.83,1004.87,0.0204
2025-01-01,Amazon RDS,development,non_production_cost,1240.55,0.02469065355715134,49238.83,1004.87,0.0204
2025-01-01,Amazon RDS,production,shared_platform_cost,5101.11,0.10152733849253981,49238.83,1004.87,0.0204
2025-01-01,Amazon RDS,staging,non_production_cost,995.9,0.019821387189203996,49238.83,1004.87,0.0204
2025-01-01,Amazon S3,development,non_production_cost,280.03,0.005573434134544427,49238.83,1004.87,0.0204
2025-01-01,Amazon S3,production,direct_product_cost,4625.6285,0.09206383521630375,49238.83,1004.87,0.0204
2025-01-01,Amazon S3,staging,non_production_cost,216.23,0.0043036234078939455,49238.83,1004.87,0.0204
2025-01-01,Data Transfer,production,direct_product_cost,1203.2819,0.023948906956181387,49238.83,1004.87,0.0204
2025-02-01,AWS Lambda,production,direct_product_cost,4859.199,0.08766752118943114,52504.68,2922.91,0.0557
2025-02-01,AWS Step Functions,production,direct_product_cost,547.9995,0.00988676483059197,52504.68,2922.91,0.0557
2025-02-01,AWS Support,production,shared_platform_cost,3220.28,0.058098868792140705,52504.68,2922.91,0.0557
2025-02-01,Amazon API Gateway,production,direct_product_cost,2627.4818999999998,0.0474038674158224,52504.68,2922.91,0.0557
2025-02-01,Amazon Athena,production,direct_product_cost,6305.3676,0.11375865604190166,52504.68,2922.91,0.0557
2025-02-01,Amazon CloudFront,production,direct_product_cost,599.2255,0.010810961686997687,52504.68,2922.91,0.0557
2025-02-01,Amazon CloudFront,production,shared_platform_cost,2185.16,0.03942369114792321,52504.68,2922.91,0.0557
2025-02-01,Amazon CloudWatch,development,non_production_cost,421.9,0.007611733372068318,52504.68,2922.91,0.0557
2025-02-01,Amazon CloudWatch,production,direct_product_cost,1595.566,0.028786496727986628,52504.68,2922.91,0.0557
2025-02-01,Amazon CloudWatch,production,shared_platform_cost,1600.9,0.02888273039901439,52504.68,2922.91,0.0557
2025-02-01,Amazon CloudWatch,staging,non_production_cost,288.98,0.005213649466367155,52504.68,2922.91,0.0557
2025-02-01,Amazon DynamoDB,production,direct_product_cost,2802.1453,0.05055506729887269,52504.68,2922.91,0.0557
2025-02-01,Amazon EC2,development,non_production_cost,1756.38,0.03168783185596907,52504.68,2922.91,0.0557
2025-02-01,Amazon EC2,production,shared_platform_cost,6246.87,0.11270326819144919,52504.68,2922.91,0.0557
2025-02-01,Amazon EC2,staging,non_production_cost,1180.15,0.021291744818787452,52504.68,2922.91,0.0557
2025-02-01,Amazon QuickSight,production,direct_product_cost,4854.2987,0.0875791121421613,52504.68,2922.91,0.0557
2025-02-01,Amazon RDS,development,non_production_cost,1247.46,0.02250612209604253,52504.68,2922.91,0.0557
2025-02-01,Amazon RDS,production,shared_platform_cost,5235.65,0.09445928378636996,52504.68,2922.91,0.0557
2025-02-01,Amazon RDS,staging,non_production_cost,960.15,0.017322602031740686,52504.68,2922.91,0.0557
2025-02-01,Amazon S3,development,non_production_cost,297.61,0.005369348112968126,52504.68,2922.91,0.0557
2025-02-01,Amazon S3,production,direct_product_cost,5202.9774,0.0938698191744424,52504.68,2922.91,0.0557
2025-02-01,Amazon S3,staging,non_production_cost,230.91,0.004165976186168038,52504.68,2922.91,0.0557
2025-02-01,Data Transfer,production,direct_product_cost,1160.9243,0.020944883234783246,52504.68,2922.91,0.0557
2025-03-01,AWS Lambda,production,direct_product_cost,5809.4793,0.09565222936380881,57921.83,2813.6,0.0486
2025-03-01,AWS Step Functions,production,direct_product_cost,578.7384,0.009528843347190123,57921.83,2813.6,0.0486
2025-03-01,AWS Support,production,shared_platform_cost,3091.51,0.05090126125425881,57921.83,2813.6,0.0486
2025-03-01,Amazon API Gateway,production,direct_product_cost,3219.9455,0.053015933029482355,57921.83,2813.6,0.0486
2025-03-01,Amazon Athena,production,direct_product_cost,6898.7315,0.11358660796972507,57921.83,2813.6,0.0486
2025-03-01,Amazon CloudFront,production,direct_product_cost,708.9294,0.01167241917387456,57921.83,2813.6,0.0486
2025-03-01,Amazon CloudFront,production,shared_platform_cost,2229.29,0.03670493470876905,57921.83,2813.6,0.0486
2025-03-01,Amazon CloudWatch,development,non_production_cost,475.4,0.007827391663062592,57921.83,2813.6,0.0486
2025-03-01,Amazon CloudWatch,production,direct_product_cost,1901.1577,0.031302284247259685,57921.83,2813.6,0.0486
2025-03-01,Amazon CloudWatch,production,shared_platform_cost,1786.28,0.029410839671635356,57921.83,2813.6,0.0486
2025-03-01,Amazon CloudWatch,staging,non_production_cost,311.13,0.005122710071789366,57921.83,2813.6,0.0486
2025-03-01,Amazon DynamoDB,production,direct_product_cost,3085.6324,0.05080448742750488,57921.83,2813.6,0.0486
2025-03-01,Amazon EC2,development,non_production_cost,1673.02,0.02754603029057,57921.83,2813.6,0.0486
2025-03-01,Amazon EC2,production,shared_platform_cost,6417.75,0.10566731772322245,57921.83,2813.6,0.0486
2025-03-01,Amazon EC2,staging,non_production_cost,1150.67,0.01894561372514984,57921.83,2813.6,0.0486
2025-03-01,Amazon QuickSight,production,direct_product_cost,5342.0673,0.08795635895569898,57921.83,2813.6,0.0486
2025-03-01,Amazon RDS,development,non_production_cost,1216.91,0.020036245664067105,57921.83,2813.6,0.0486
2025-03-01,Amazon RDS,production,shared_platform_cost,5432.11,0.08943889887850008,57921.83,2813.6,0.0486
2025-03-01,Amazon RDS,staging,non_production_cost,911.41,0.015006232721144042,57921.83,2813.6,0.0486
2025-03-01,Amazon S3,development,non_production_cost,320.7,0.005280278726007937,57921.83,2813.6,0.0486
2025-03-01,Amazon S3,production,direct_product_cost,6336.0114,0.10432150359577104,57921.83,2813.6,0.0486
2025-03-01,Amazon S3,staging,non_production_cost,220.42,0.0036291831518137497,57921.83,2813.6,0.0486
2025-03-01,Data Transfer,production,direct_product_cost,1618.1372999999999,0.02664239463969418,57921.83,2813.6,0.0486
2025-04-01,AWS Lambda,production,direct_product_cost,5937.7181,0.09374123625638778,63468.52,-126.94,-0.002
2025-04-01,AWS Step Functions,production,direct_product_cost,621.3391,0.009809339949707507,63468.52,-126.94,-0.002
2025-04-01,AWS Support,production,shared_platform_cost,3361.89,0.053075561933125036,63468.52,-126.94,-0.002
2025-04-01,Amazon API Gateway,production,direct_product_cost,2992.2767,0.04724032235197969,63468.52,-126.94,-0.002
2025-04-01,Amazon Athena,production,direct_product_cost,7266.9092,0.11472573145076018,63468.52,-126.94,-0.002
2025-04-01,Amazon CloudFront,production,direct_product_cost,754.51,0.01191176458306553,63468.52,-126.94,-0.002
2025-04-01,Amazon CloudFront,production,shared_platform_cost,2344.37,0.03701154860187583,63468.52,-126.94,-0.002
2025-04-01,Amazon CloudWatch,development,non_production_cost,414.66,0.006546410653290152,63468.52,-126.94,-0.002
2025-04-01,Amazon CloudWatch,production,direct_product_cost,1834.6522,0.02896442074750932,63468.52,-126.94,-0.002
2025-04-01,Amazon CloudWatch,production,shared_platform_cost,1845.94,0.02914262596183481,63468.52,-126.94,-0.002
2025-04-01,Amazon CloudWatch,staging,non_production_cost,327.61,0.005172115936247496,63468.52,-126.94,-0.002
2025-04-01,Amazon DynamoDB,production,direct_product_cost,3275.8329,0.05171694254318809,63468.52,-126.94,-0.002
2025-04-01,Amazon EC2,development,non_production_cost,1680.81,0.026535649665163315,63468.52,-126.94,-0.002
2025-04-01,Amazon EC2,production,shared_platform_cost,6566.34,0.10366555281224438,63468.52,-126.94,-0.002
2025-04-01,Amazon EC2,staging,non_production_cost,1338.64,0.021133668926157163,63468.52,-126.94,-0.002
2025-04-01,Amazon QuickSight,production,direct_product_cost,5622.4511,0.08876398441769867,63468.52,-126.94,-0.002
2025-04-01,Amazon RDS,development,non_production_cost,1410.06,0.022261206303425242,63468.52,-126.94,-0.002
2025-04-01,Amazon RDS,production,shared_platform_cost,5661.71,0.08938378107326336,63468.52,-126.94,-0.002
2025-04-01,Amazon RDS,staging,non_production_cost,1040.93,0.016433596781289053,63468.52,-126.94,-0.002
2025-04-01,Amazon S3,development,non_production_cost,322.7,0.005094599714987536,63468.52,-126.94,-0.002
2025-04-01,Amazon S3,production,direct_product_cost,6747.9958,0.1065334288175305,63468.52,-126.94,-0.002
2025-04-01,Amazon S3,staging,non_production_cost,225.82,0.0035651146812472434,63468.52,-126.94,-0.002
2025-04-01,Data Transfer,production,direct_product_cost,1746.4158,0.027571395838022098,63468.52,-126.94,-0.002
2025-05-01,AWS Lambda,production,direct_product_cost,7401.2419,0.09712119332533063,66191.95,10014.3,0.1513
2025-05-01,AWS Step Functions,production,direct_product_cost,659.7882,0.008657927708858145,66191.95,10014.3,0.1513
2025-05-01,AWS Support,production,shared_platform_cost,3254.52,0.0427067335957706,66191.95,10014.3,0.1513
2025-05-01,Amazon API Gateway,production,direct_product_cost,3609.0494,0.04735896883711753,66191.95,10014.3,0.1513
2025-05-01,Amazon Athena,production,direct_product_cost,7849.7957,0.10300724338493099,66191.95,10014.3,0.1513
2025-05-01,Amazon Bedrock,production,direct_product_cost,7112.7988,0.09333616123788356,66191.95,10014.3,0.1513
2025-05-01,Amazon CloudFront,production,direct_product_cost,828.6767,0.010874130459767437,66191.95,10014.3,0.1513
2025-05-01,Amazon CloudFront,production,shared_platform_cost,2573.7,0.03377282064803252,66191.95,10014.3,0.1513
2025-05-01,Amazon CloudWatch,development,non_production_cost,425.74,0.005586680911797554,66191.95,10014.3,0.1513
2025-05-01,Amazon CloudWatch,production,direct_product_cost,2675.2571,0.03510548169004764,66191.95,10014.3,0.1513
2025-05-01,Amazon CloudWatch,production,shared_platform_cost,1842.35,0.024175838722812572,66191.95,10014.3,0.1513
2025-05-01,Amazon CloudWatch,staging,non_production_cost,369.98,0.004854982392415229,66191.95,10014.3,0.1513
2025-05-01,Amazon DynamoDB,production,direct_product_cost,3298.181,0.043279665608947644,66191.95,10014.3,0.1513
2025-05-01,Amazon EC2,development,non_production_cost,1805.39,0.023690839130338204,66191.95,10014.3,0.1513
2025-05-01,Amazon EC2,production,shared_platform_cost,6964.04,0.09138410611404764,66191.95,10014.3,0.1513
2025-05-01,Amazon EC2,staging,non_production_cost,1241.88,0.01629630124193909,66191.95,10014.3,0.1513
2025-05-01,Amazon QuickSight,production,direct_product_cost,6016.5001,0.07895021906444798,66191.95,10014.3,0.1513
2025-05-01,Amazon RDS,development,non_production_cost,1474.63,0.019350512690759686,66191.95,10014.3,0.1513
2025-05-01,Amazon RDS,production,shared_platform_cost,5687.17,0.07462865617782613,66191.95,10014.3,0.1513
2025-05-01,Amazon RDS,staging,non_production_cost,1034.02,0.013568703425604612,66191.95,10014.3,0.1513
2025-05-01,Amazon S3,development,non_production_cost,343.18,0.004503305198737926,66191.95,10014.3,0.1513
2025-05-01,Amazon S3,production,direct_product_cost,7806.2182,0.10243540708241336,66191.95,10014.3,0.1513
2025-05-01,Amazon S3,staging,non_production_cost,261.79,0.003435282557193315,66191.95,10014.3,0.1513
2025-05-01,Data Transfer,production,direct_product_cost,1670.3525,0.021918838792980046,66191.95,10014.3,0.1513
2025-06-01,AWS Lambda,production,direct_product_cost,8538.1203,0.10486709145649527,79635.53,1782.96,0.0224
2025-06-01,AWS Step Functions,production,direct_product_cost,691.9982,0.008499275716123383,79635.53,1782.96,0.0224
2025-06-01,AWS Support,production,shared_platform_cost,3278.12,0.04026259853065858,79635.53,1782.96,0.0224
2025-06-01,Amazon API Gateway,production,direct_product_cost,4160.8008,0.05110388032666378,79635.53,1782.96,0.0224
2025-06-01,Amazon Athena,production,direct_product_cost,8544.9204,0.10495061179628402,79635.53,1782.96,0.0224
2025-06-01,Amazon Bedrock,production,direct_product_cost,6486.8744,0.07967323334289372,79635.53,1782.96,0.0224
2025-06-01,Amazon CloudFront,production,direct_product_cost,976.103,0.011988714023150902,79635.53,1782.96,0.0224
2025-06-01,Amazon CloudFront,production,shared_platform_cost,2417.33,0.02969018440634172,79635.53,1782.96,0.0224
2025-06-01,Amazon CloudWatch,development,non_production_cost,411.13,0.005049590049757076,79635.53,1782.96,0.0224
2025-06-01,Amazon CloudWatch,production,direct_product_cost,3069.5956,0.0377014554971374,79635.53,1782.96,0.0224
2025-06-01,Amazon CloudWatch,production,shared_platform_cost,1836.14,0.022551879634084004,79635.53,1782.96,0.0224
2025-06-01,Amazon CloudWatch,staging,non_production_cost,330.65,0.004061116799922596,79635.53,1782.96,0.0224
2025-06-01,Amazon DynamoDB,production,direct_product_cost,3854.6183,0.04734327880060208,79635.53,1782.96,0.0224
2025-06-01,Amazon EC2,development,non_production_cost,1656.77,0.02034881742207095,79635.53,1782.96,0.0224
2025-06-01,Amazon EC2,production,shared_platform_cost,7217.58,0.08864792195005393,79635.53,1782.96,0.0224
2025-06-01,Amazon EC2,staging,non_production_cost,1223.62,0.015028772837505781,79635.53,1782.96,0.0224
2025-06-01,Amazon QuickSight,production,direct_product_cost,6614.8296,0.08124480755235224,79635.53,1782.96,0.0224
2025-06-01,Amazon RDS,development,non_production_cost,1354.9,0.01664118297963141,79635.53,1782.96,0.0224
2025-06-01,Amazon RDS,production,shared_platform_cost,6079.57,0.0746706301627262,79635.53,1782.96,0.0224
2025-06-01,Amazon RDS,staging,non_production_cost,1022.76,0.012561765668497912,79635.53,1782.96,0.0224
2025-06-01,Amazon S3,development,non_production_cost,334.42,0.004107420777952865,79635.53,1782.96,0.0224
2025-06-01,Amazon S3,production,direct_product_cost,8945.1682,0.1098665442466456,79635.53,1782.96,0.0224
2025-06-01,Amazon S3,staging,non_production_cost,260.6,0.00320074712856443,79635.53,1782.96,0.0224
2025-06-01,Data Transfer,production,direct_product_cost,2111.8718,0.025938478893884086,79635.53,1782.96,0.0224
2025-07-01,AWS Lambda,production,direct_product_cost,9323.5502,0.1046974413852843,85082.32,3970.0,0.0467
2025-07-01,AWS Step Functions,production,direct_product_cost,704.2279,0.007908024057416654,85082.32,3970.0,0.0467
2025-07-01,AWS Support,production,shared_platform_cost,3611.15,0.04055088001333113,85082.32,3970.0,0.0467
2025-07-01,Amazon API Gateway,production,direct_product_cost,4361.4634,0.04897641444302652,85082.32,3970.0,0.0467
2025-07-01,Amazon Athena,production,direct_product_cost,8508.8326,0.09554868942473183,85082.32,3970.0,0.0467
2025-07-01,Amazon Bedrock,production,direct_product_cost,11772.2435,0.1321946841466617,85082.32,3970.0,0.0467
2025-07-01,Amazon CloudFront,production,direct_product_cost,847.188,0.00951337356153413,85082.32,3970.0,0.0467
2025-07-01,Amazon CloudFront,production,shared_platform_cost,2573.6,0.02889986425440898,85082.32,3970.0,0.0467
2025-07-01,Amazon CloudWatch,development,non_production_cost,476.64,0.005352359068317336,85082.32,3970.0,0.0467
2025-07-01,Amazon CloudWatch,production,direct_product_cost,3575.1225,0.04014631447889465,85082.32,3970.0,0.0467
2025-07-01,Amazon CloudWatch,production,shared_platform_cost,2104.97,0.023637452307896826,85082.32,3970.0,0.0467
2025-07-01,Amazon CloudWatch,staging,non_production_cost,359.75,0.004039759933759571,85082.32,3970.0,0.0467
2025-07-01,Amazon DynamoDB,production,direct_product_cost,3983.0184,0.04472672174495386,85082.32,3970.0,0.0467
2025-07-01,Amazon EC2,development,non_production_cost,1947.96,0.021874331509565793,85082.32,3970.0,0.0467
2025-07-01,Amazon EC2,production,shared_platform_cost,7205.08,0.08090839055881141,85082.32,3970.0,0.0467
2025-07-01,Amazon EC2,staging,non_production_cost,1400.41,0.01572569898217162,85082.32,3970.0,0.0467
2025-07-01,Amazon QuickSight,production,direct_product_cost,6599.2693,0.07410552803399463,85082.32,3970.0,0.0467
2025-07-01,Amazon RDS,development,non_production_cost,1597.76,0.017941811902053347,85082.32,3970.0,0.0467
2025-07-01,Amazon RDS,production,shared_platform_cost,5863.42,0.06584241609674647,85082.32,3970.0,0.0467
2025-07-01,Amazon RDS,staging,non_production_cost,1152.38,0.01294048242520043,85082.32,3970.0,0.0467
2025-07-01,Amazon S3,development,non_production_cost,325.7,0.003657400445936045,85082.32,3970.0,0.0467
2025-07-01,Amazon S3,production,direct_product_cost,8731.8115,0.09805259832339418,85082.32,3970.0,0.0467
2025-07-01,Amazon S3,staging,non_production_cost,266.77,0.0029956546421933024,85082.32,3970.0,0.0467
2025-07-01,Data Transfer,production,direct_product_cost,1760.0041,0.019763708259715282,85082.32,3970.0,0.0467
2025-08-01,AWS Lambda,production,direct_product_cost,8236.4063,0.09552452184413951,93059.68,-6836.72,-0.0735
2025-08-01,AWS Step Functions,production,direct_product_cost,709.7271,0.008231301297912875,93059.68,-6836.72,-0.0735
2025-08-01,AWS Support,production,shared_platform_cost,3959.89,0.045926170349972845,93059.68,-6836.72,-0.0735
2025-08-01,Amazon API Gateway,production,direct_product_cost,3773.9648,0.04376983964190955,93059.68,-6836.72,-0.0735
2025-08-01,Amazon Athena,production,direct_product_cost,9192.4042,0.10661203245923648,93059.68,-6836.72,-0.0735
2025-08-01,Amazon Bedrock,production,direct_product_cost,8202.3646,0.09512971165668413,93059.68,-6836.72,-0.0735
2025-08-01,Amazon CloudFront,production,direct_product_cost,1045.6056,0.012126766375956295,93059.68,-6836.72,-0.0735
2025-08-01,Amazon CloudFront,production,shared_platform_cost,2566.28,0.029763304648797905,93059.68,-6836.72,-0.0735
2025-08-01,Amazon CloudWatch,development,non_production_cost,464.41,0.0053861528406675165,93059.68,-6836.72,-0.0735
2025-08-01,Amazon CloudWatch,production,direct_product_cost,2909.8779,0.03374829809237662,93059.68,-6836.72,-0.0735
2025-08-01,Amazon CloudWatch,production,shared_platform_cost,2035.57,0.023608215020946094,93059.68,-6836.72,-0.0735
2025-08-01,Amazon CloudWatch,staging,non_production_cost,379.9,0.004406019388405911,93059.68,-6836.72,-0.0735
2025-08-01,Amazon DynamoDB,production,direct_product_cost,3751.5167,0.04350949017143607,93059.68,-6836.72,-0.0735
2025-08-01,Amazon EC2,development,non_production_cost,1838.06,0.02131752565689226,93059.68,-6836.72,-0.0735
2025-08-01,Amazon EC2,production,shared_platform_cost,7495.94,0.08693671222513137,93059.68,-6836.72,-0.0735
2025-08-01,Amazon EC2,staging,non_production_cost,1546.6,0.017937219231662496,93059.68,-6836.72,-0.0735
2025-08-01,Amazon QuickSight,production,direct_product_cost,7052.6953,0.08179603114587852,93059.68,-6836.72,-0.0735
2025-08-01,Amazon RDS,development,non_production_cost,1415.02,0.01641117545401983,93059.68,-6836.72,-0.0735
2025-08-01,Amazon RDS,production,shared_platform_cost,6321.91,0.0733205002152072,93059.68,-6836.72,-0.0735
2025-08-01,Amazon RDS,staging,non_production_cost,1159.28,0.013445143870995538,93059.68,-6836.72,-0.0735
2025-08-01,Amazon S3,development,non_production_cost,344.24,0.00399244041659608,93059.68,-6836.72,-0.0735
2025-08-01,Amazon S3,production,direct_product_cost,9474.2529,0.10988086856557235,93059.68,-6836.72,-0.0735
2025-08-01,Amazon S3,staging,non_production_cost,274.04,0.0031782720536950673,93059.68,-6836.72,-0.0735
2025-08-01,Data Transfer,production,direct_product_cost,2072.997,0.02404228737590758,93059.68,-6836.72,-0.0735
2025-09-01,AWS Glue,production,direct_product_cost,3295.9659,0.03193943794308489,90102.99,13091.25,0.1453
2025-09-01,AWS Lambda,production,direct_product_cost,9877.2726,0.09571535168329039,90102.99,13091.25,0.1453
2025-09-01,AWS Step Functions,production,direct_product_cost,698.8277,0.006771964466337089,90102.99,13091.25,0.1453
2025-09-01,AWS Support,production,shared_platform_cost,3688.02,0.03573862397146036,90102.99,13091.25,0.1453
2025-09-01,Amazon API Gateway,production,direct_product_cost,4372.575,0.04237227935640487,90102.99,13091.25,0.1453
2025-09-01,Amazon Athena,production,direct_product_cost,12266.4778,0.11886785796944332,90102.99,13091.25,0.1453
2025-09-01,Amazon Bedrock,production,direct_product_cost,10533.2784,0.10207235208168763,90102.99,13091.25,0.1453
2025-09-01,Amazon CloudFront,production,direct_product_cost,1203.3373,0.011660896436443509,90102.99,13091.25,0.1453
2025-09-01,Amazon CloudFront,production,shared_platform_cost,2649.5,0.025674883599433904,90102.99,13091.25,0.1453
2025-09-01,Amazon CloudWatch,development,non_production_cost,532.97,0.005164726443476236,90102.99,13091.25,0.1453
2025-09-01,Amazon CloudWatch,production,direct_product_cost,3708.9102,0.03594105969645334,90102.99,13091.25,0.1453
2025-09-01,Amazon CloudWatch,production,shared_platform_cost,2050.45,0.01986981131400613,90102.99,13091.25,0.1453
2025-09-01,Amazon CloudWatch,staging,non_production_cost,354.71,0.0034373043825458387,90102.99,13091.25,0.1453
2025-09-01,Amazon DynamoDB,production,direct_product_cost,4785.7391,0.04637603107369676,90102.99,13091.25,0.1453
2025-09-01,Amazon EC2,development,non_production_cost,1803.87,0.01748033677241398,90102.99,13091.25,0.1453
2025-09-01,Amazon EC2,production,shared_platform_cost,8059.06,0.07809602846607051,90102.99,13091.25,0.1453
2025-09-01,Amazon EC2,staging,non_production_cost,1309.19,0.012686658184390593,90102.99,13091.25,0.1453
2025-09-01,Amazon QuickSight,production,direct_product_cost,9633.9074,0.09335703004443288,90102.99,13091.25,0.1453
2025-09-01,Amazon RDS,development,non_production_cost,1448.45,0.014036152160634098,90102.99,13091.25,0.1453
2025-09-01,Amazon RDS,production,shared_platform_cost,6705.71,0.06498143940424983,90102.99,13091.25,0.1453
2025-09-01,Amazon RDS,staging,non_production_cost,1173.14,0.011368270596655933,90102.99,13091.25,0.1453
2025-09-01,Amazon S3,development,non_production_cost,358.8,0.003476938379119413,90102.99,13091.25,0.1453
2025-09-01,Amazon S3,production,direct_product_cost,10277.4782,0.09959352952659727,90102.99,13091.25,0.1453
2025-09-01,Amazon S3,staging,non_production_cost,287.93,0.0027901752159973595,90102.99,13091.25,0.1453
2025-09-01,Data Transfer,production,direct_product_cost,2118.6665,0.020530860831673912,90102.99,13091.25,0.1453
2025-10-01,AWS Glue,production,direct_product_cost,3937.4638,0.03725388592422972,107837.98,-2145.28,-0.0199
2025-10-01,AWS Lambda,production,direct_product_cost,10060.1167,0.09518270108952832,107837.98,-2145.28,-0.0199
2025-10-01,AWS Step Functions,production,direct_product_cost,720.7698,0.006819485148493269,107837.98,-2145.28,-0.0199
2025-10-01,AWS Support,production,shared_platform_cost,4182.38,0.039571133939512004,107837.98,-2145.28,-0.0199
2025-10-01,Amazon API Gateway,production,direct_product_cost,4844.2927,0.04583374903138888,107837.98,-2145.28,-0.0199
2025-10-01,Amazon Athena,production,direct_product_cost,12280.9367,0.11619474821952297,107837.98,-2145.28,-0.0199
2025-10-01,Amazon Bedrock,production,direct_product_cost,10224.2461,0.09673559357438426,107837.98,-2145.28,-0.0199
2025-10-01,Amazon CloudFront,production,direct_product_cost,1248.6929,0.011814372198417567,107837.98,-2145.28,-0.0199
2025-10-01,Amazon CloudFront,production,shared_platform_cost,2666.61,0.025229840778322892,107837.98,-2145.28,-0.0199
2025-10-01,Amazon CloudWatch,development,non_production_cost,524.25,0.0049601344133697,107837.98,-2145.28,-0.0199
2025-10-01,Amazon CloudWatch,production,direct_product_cost,3634.1747,0.03438434905802099,107837.98,-2145.28,-0.0199
2025-10-01,Amazon CloudWatch,production,shared_platform_cost,2122.92,0.020085776917178454,107837.98,-2145.28,-0.0199
2025-10-01,Amazon CloudWatch,staging,non_production_cost,390.89,0.0036983632634088356,107837.98,-2145.28,-0.0199
2025-10-01,Amazon DynamoDB,production,direct_product_cost,4492.9538,0.04250959420326212,107837.98,-2145.28,-0.0199
2025-10-01,Amazon EC2,development,non_production_cost,2132.1,0.020172632489738745,107837.98,-2145.28,-0.0199
2025-10-01,Amazon EC2,production,shared_platform_cost,7939.75,0.07512108194287473,107837.98,-2145.28,-0.0199
2025-10-01,Amazon EC2,staging,non_production_cost,1408.44,0.013325802027976005,107837.98,-2145.28,-0.0199
2025-10-01,Amazon QuickSight,production,direct_product_cost,9642.0882,0.0912275698570642,107837.98,-2145.28,-0.0199
2025-10-01,Amazon RDS,development,non_production_cost,1456.78,0.013783165685662778,107837.98,-2145.28,-0.0199
2025-10-01,Amazon RDS,production,shared_platform_cost,6607.14,0.06251273722069906,107837.98,-2145.28,-0.0199
2025-10-01,Amazon RDS,staging,non_production_cost,1138.41,0.01077094252269757,107837.98,-2145.28,-0.0199
2025-10-01,Amazon S3,development,non_production_cost,382.31,0.0036171845256564045,107837.98,-2145.28,-0.0199
2025-10-01,Amazon S3,production,direct_product_cost,10801.5867,0.1021980389311711,107837.98,-2145.28,-0.0199
2025-10-01,Amazon S3,staging,non_production_cost,301.27,0.002850433370941134,107837.98,-2145.28,-0.0199
2025-10-01,Data Transfer,production,direct_product_cost,2552.1282,0.02414668366647834,107837.98,-2145.28,-0.0199
2025-11-01,AWS Glue,production,direct_product_cost,4130.9045,0.03376650333804969,110448.87,11888.48,0.1076
2025-11-01,AWS Lambda,production,direct_product_cost,11460.3731,0.09367844900225725,110448.87,11888.48,0.1076
2025-11-01,AWS Step Functions,production,direct_product_cost,745.0521,0.006090144233949474,110448.87,11888.48,0.1076
2025-11-01,AWS Support,production,shared_platform_cost,3909.47,0.03195647147132187,110448.87,11888.48,0.1076
2025-11-01,Amazon API Gateway,production,direct_product_cost,4764.4219,0.038944949705379796,110448.87,11888.48,0.1076
2025-11-01,Amazon Athena,production,direct_product_cost,14526.1551,0.11873851469410092,110448.87,11888.48,0.1076
2025-11-01,Amazon Bedrock,production,direct_product_cost,16799.8357,0.13732384959340901,110448.87,11888.48,0.1076
2025-11-01,Amazon CloudFront,production,direct_product_cost,1521.3295,0.012435527773644603,110448.87,11888.48,0.1076
2025-11-01,Amazon CloudFront,production,shared_platform_cost,2942.67,0.024053733601873076,110448.87,11888.48,0.1076
2025-11-01,Amazon CloudWatch,development,non_production_cost,486.2,0.0039742564668245805,110448.87,11888.48,0.1076
2025-11-01,Amazon CloudWatch,production,direct_product_cost,4344.2943,0.03551077687281811,110448.87,11888.48,0.1076
2025-11-01,Amazon CloudWatch,production,shared_platform_cost,2241.14,0.01831934417535837,110448.87,11888.48,0.1076
2025-11-01,Amazon CloudWatch,staging,non_production_cost,391.0,0.003196080375418369,110448.87,11888.48,0.1076
2025-11-01,Amazon DynamoDB,production,direct_product_cost,5078.2897,0.04151054232956327,110448.87,11888.48,0.1076
2025-11-01,Amazon EC2,development,non_production_cost,1975.26,0.016146009520073883,110448.87,11888.48,0.1076
2025-11-01,Amazon EC2,production,shared_platform_cost,8369.05,0.06840960732965498,110448.87,11888.48,0.1076
2025-11-01,Amazon EC2,staging,non_production_cost,1518.83,0.012415096564185886,110448.87,11888.48,0.1076
2025-11-01,Amazon QuickSight,production,direct_product_cost,11352.1637,0.0927939325322424,110448.87,11888.48,0.1076
2025-11-01,Amazon RDS,development,non_production_cost,1610.09,0.013161066628279698,110448.87,11888.48,0.1076
2025-11-01,Amazon RDS,production,shared_platform_cost,6654.22,0.05439238351845632,110448.87,11888.48,0.1076
2025-11-01,Amazon RDS,staging,non_production_cost,1109.68,0.00907065593604669,110448.87,11888.48,0.1076
2025-11-01,Amazon S3,development,non_production_cost,380.15,0.003107391188530161,110448.87,11888.48,0.1076
2025-11-01,Amazon S3,production,direct_product_cost,13075.2408,0.10687856911700659,110448.87,11888.48,0.1076
2025-11-01,Amazon S3,staging,non_production_cost,289.35,0.0023651812189956654,110448.87,11888.48,0.1076
2025-11-01,Data Transfer,production,direct_product_cost,2662.1785,0.021760962812559362,110448.87,11888.48,0.1076
2025-12-01,AWS Glue,production,direct_product_cost,3330.6093,0.026941658167164567,127842.53,-4219.5,-0.033
2025-12-01,AWS Lambda,production,direct_product_cost,11926.5425,0.0964750897534455,127842.53,-4219.5,-0.033
2025-12-01,AWS Step Functions,production,direct_product_cost,824.5427,0.0066698149097316585,127842.53,-4219.5,-0.033
2025-12-01,AWS Support,production,shared_platform_cost,4132.71,0.03342993731628104,127842.53,-4219.5,-0.033
2025-12-01,Amazon API Gateway,production,direct_product_cost,5172.5190999999995,0.0418410653736329,127842.53,-4219.5,-0.033
2025-12-01,Amazon Athena,production,direct_product_cost,14045.3862,0.1136146451720442,127842.53,-4219.5,-0.033
2025-12-01,Amazon Bedrock,production,direct_product_cost,16643.9862,0.1346350010910629,127842.53,-4219.5,-0.033
2025-12-01,Amazon CloudFront,production,direct_product_cost,1541.5443,0.012469718252495416,127842.53,-4219.5,-0.033
2025-12-01,Amazon CloudFront,production,shared_platform_cost,2877.75,0.02327843040327721,127842.53,-4219.5,-0.033
2025-12-01,Amazon CloudWatch,development,non_production_cost,529.07,0.0042797043431367825,127842.53,-4219.5,-0.033
2025-12-01,Amazon CloudWatch,production,direct_product_cost,4560.247,0.036888330261924666,127842.53,-4219.5,-0.033
2025-12-01,Amazon CloudWatch,production,shared_platform_cost,2138.24,0.01729645418313038,127842.53,-4219.5,-0.033
2025-12-01,Amazon CloudWatch,staging,non_production_cost,416.49,0.003369032570119338,127842.53,-4219.5,-0.033
2025-12-01,Amazon DynamoDB,production,direct_product_cost,5108.9607,0.04132693461489998,127842.53,-4219.5,-0.033
2025-12-01,Amazon EC2,development,non_production_cost,2313.87,0.018717144212398937,127842.53,-4219.5,-0.033
2025-12-01,Amazon EC2,production,shared_platform_cost,9144.63,0.0739718992333319,127842.53,-4219.5,-0.033
2025-12-01,Amazon EC2,staging,non_production_cost,1707.89,0.013815306576823254,127842.53,-4219.5,-0.033
2025-12-01,Amazon QuickSight,production,direct_product_cost,10964.624099999999,0.08869402797669916,127842.53,-4219.5,-0.033
2025-12-01,Amazon RDS,development,non_production_cost,1691.26,0.0136807847116138,127842.53,-4219.5,-0.033
2025-12-01,Amazon RDS,production,shared_platform_cost,6703.48,0.05422517336104968,127842.53,-4219.5,-0.033
2025-12-01,Amazon RDS,staging,non_production_cost,1255.31,0.010154338100786349,127842.53,-4219.5,-0.033
2025-12-01,Amazon S3,development,non_production_cost,393.87,0.0031860569482890437,127842.53,-4219.5,-0.033
2025-12-01,Amazon S3,production,direct_product_cost,13216.5606,0.10691018542187324,127842.53,-4219.5,-0.033
2025-12-01,Amazon S3,staging,non_production_cost,303.51,0.0024551251539218716,127842.53,-4219.5,-0.033
2025-12-01,Data Transfer,production,direct_product_cost,2679.423,0.021674141890866208,127842.53,-4219.5,-0.033
2026-01-01,AWS Glue,production,direct_product_cost,4515.0821,0.030203140151674933,118851.18,30639.31,0.2578
2026-01-01,AWS Lambda,production,direct_product_cost,14590.6965,0.09760284343446445,118851.18,30639.31,0.2578
2026-01-01,AWS Step Functions,production,direct_product_cost,900.381,0.006022998680999672,118851.18,30639.31,0.2578
2026-01-01,AWS Support,production,shared_platform_cost,4041.1,0.02703248954585645,118851.18,30639.31,0.2578
2026-01-01,Amazon API Gateway,production,direct_product_cost,5622.9077,0.037613816440465644,118851.18,30639.31,0.2578
2026-01-01,Amazon Athena,production,direct_product_cost,14983.77,0.10023226494828574,118851.18,30639.31,0.2578
2026-01-01,Amazon Bedrock,production,direct_product_cost,26175.953,0.17510112984715295,118851.18,30639.31,0.2578
2026-01-01,Amazon CloudFront,production,direct_product_cost,2170.8548,0.014521692035973446,118851.18,30639.31,0.2578
2026-01-01,Amazon CloudFront,production,shared_platform_cost,2933.74,0.019624927836544726,118851.18,30639.31,0.2578
2026-01-01,Amazon CloudWatch,development,non_production_cost,934.78,0.006253106970299099,118851.18,30639.31,0.2578
2026-01-01,Amazon CloudWatch,production,direct_product_cost,5739.7158,0.03839519124982977,118851.18,30639.31,0.2578
2026-01-01,Amazon CloudWatch,production,shared_platform_cost,2174.72,0.01454754786200909,118851.18,30639.31,0.2578
2026-01-01,Amazon CloudWatch,staging,non_production_cost,436.74,0.0029215237148938027,118851.18,30639.31,0.2578
2026-01-01,Amazon DynamoDB,production,direct_product_cost,5722.1003,0.03827735431939127,118851.18,30639.31,0.2578
2026-01-01,Amazon EC2,development,non_production_cost,3780.15,0.02528689350839357,118851.18,30639.31,0.2578
2026-01-01,Amazon EC2,production,shared_platform_cost,8674.91,0.05802984679573521,118851.18,30639.31,0.2578
2026-01-01,Amazon EC2,staging,non_production_cost,1460.68,0.009771056600886294,118851.18,30639.31,0.2578
2026-01-01,Amazon QuickSight,production,direct_product_cost,11801.5635,0.07894524806080301,118851.18,30639.31,0.2578
2026-01-01,Amazon RDS,development,non_production_cost,2968.5,0.0198574509952426,118851.18,30639.31,0.2578
2026-01-01,Amazon RDS,production,shared_platform_cost,7152.62,0.047846656943773665,118851.18,30639.31,0.2578
2026-01-01,Amazon RDS,staging,non_production_cost,1354.75,0.009062449633082335,118851.18,30639.31,0.2578
2026-01-01,Amazon S3,development,non_production_cost,721.62,0.004827196829101218,118851.18,30639.31,0.2578
2026-01-01,Amazon S3,production,direct_product_cost,16921.6879,0.11319575146742114,118851.18,30639.31,0.2578
2026-01-01,Amazon S3,staging,non_production_cost,311.4,0.0020830757082427303,118851.18,30639.31,0.2578
2026-01-01,Data Transfer,production,direct_product_cost,3400.0634,0.022744346419477156,118851.18,30639.31,0.2578
2026-02-01,AWS Glue,production,direct_product_cost,4007.7239,0.026052940045049766,156217.56,-2387.55,-0.0153
2026-02-01,AWS Lambda,production,direct_product_cost,14451.8222,0.09394670558975363,156217.56,-2387.55,-0.0153
2026-02-01,AWS Step Functions,production,direct_product_cost,933.5689,0.006068834876480154,156217.56,-2387.55,-0.0153
2026-02-01,AWS Support,production,shared_platform_cost,4231.45,0.027507312355929965,156217.56,-2387.55,-0.0153
2026-02-01,Amazon API Gateway,production,direct_product_cost,5565.3278,0.036178428235649845,156217.56,-2387.55,-0.0153
2026-02-01,Amazon Athena,production,direct_product_cost,15342.7662,0.09973844953087113,156217.56,-2387.55,-0.0153
2026-02-01,Amazon Bedrock,production,direct_product_cost,26185.957,0.1702265886487967,156217.56,-2387.55,-0.0153
2026-02-01,Amazon CloudFront,production,direct_product_cost,1889.6913,0.012284282892479731,156217.56,-2387.55,-0.0153
2026-02-01,Amazon CloudFront,production,shared_platform_cost,2968.68,0.019298445697054713,156217.56,-2387.55,-0.0153
2026-02-01,Amazon CloudWatch,development,non_production_cost,912.29,0.005930507506691878,156217.56,-2387.55,-0.0153
2026-02-01,Amazon CloudWatch,production,direct_product_cost,5755.0627,0.037411834552425687,156217.56,-2387.55,-0.0153
2026-02-01,Amazon CloudWatch,production,incident_cost,6200.0,0.040304230608128606,156217.56,-2387.55,-0.0153
2026-02-01,Amazon CloudWatch,production,shared_platform_cost,2352.92,0.01529558552943193,156217.56,-2387.55,-0.0153
2026-02-01,Amazon CloudWatch,staging,non_production_cost,417.61,0.0027147499587517076,156217.56,-2387.55,-0.0153
2026-02-01,Amazon DynamoDB,production,direct_product_cost,5689.3581,0.03698470981848781,156217.56,-2387.55,-0.0153
2026-02-01,Amazon EC2,development,non_production_cost,3568.37,0.023196839899214172,156217.56,-2387.55,-0.0153
2026-02-01,Amazon EC2,production,shared_platform_cost,8484.69,0.05515627458040044,156217.56,-2387.55,-0.0153
2026-02-01,Amazon EC2,staging,non_production_cost,1638.0,0.010648117699373332,156217.56,-2387.55,-0.0153
2026-02-01,Amazon QuickSight,production,direct_product_cost,12050.1061,0.07833391211400278,156217.56,-2387.55,-0.0153
2026-02-01,Amazon RDS,development,non_production_cost,3038.55,0.019752648373278902,156217.56,-2387.55,-0.0153
2026-02-01,Amazon RDS,production,shared_platform_cost,6980.69,0.04537924831675117,156217.56,-2387.55,-0.0153
2026-02-01,Amazon RDS,staging,non_production_cost,1243.97,0.008086653830579636,156217.56,-2387.55,-0.0153
2026-02-01,Amazon S3,development,non_production_cost,674.1,0.004382109976280564,156217.56,-2387.55,-0.0153
2026-02-01,Amazon S3,production,direct_product_cost,15944.1795,0.10364804635893494,156217.56,-2387.55,-0.0153
2026-02-01,Amazon S3,staging,non_production_cost,308.56,0.0020058505478135744,156217.56,-2387.55,-0.0153
2026-02-01,Data Transfer,production,direct_product_cost,2994.5614,0.01946669245738717,156217.56,-2387.55,-0.0153
2026-03-01,AWS Glue,production,direct_product_cost,5645.2622,0.03249578490818986,160752.36,12970.55,0.0807
2026-03-01,AWS Lambda,production,direct_product_cost,17309.197,0.09963681450358235,160752.36,12970.55,0.0807
2026-03-01,AWS Step Functions,production,direct_product_cost,1031.1111,0.005935377903624574,160752.36,12970.55,0.0807
2026-03-01,AWS Support,production,shared_platform_cost,4157.48,0.02393167421702772,160752.36,12970.55,0.0807
2026-03-01,Amazon API Gateway,production,direct_product_cost,6424.9167,0.036983704873130074,160752.36,12970.55,0.0807
2026-03-01,Amazon Athena,production,direct_product_cost,18056.2249,0.10393692618994774,160752.36,12970.55,0.0807
2026-03-01,Amazon Bedrock,production,direct_product_cost,34096.3244,0.19626844327306278,160752.36,12970.55,0.0807
2026-03-01,Amazon CloudFront,production,direct_product_cost,2157.4887,0.012419137721725336,160752.36,12970.55,0.0807
2026-03-01,Amazon CloudFront,production,shared_platform_cost,3107.76,0.017889178027244886,160752.36,12970.55,0.0807
2026-03-01,Amazon CloudWatch,development,non_production_cost,1010.94,0.005819267136092538,160752.36,12970.55,0.0807
2026-03-01,Amazon CloudWatch,production,direct_product_cost,6927.9672,0.03987941108956717,160752.36,12970.55,0.0807
2026-03-01,Amazon CloudWatch,production,shared_platform_cost,2290.95,0.013187380107059962,160752.36,12970.55,0.0807
2026-03-01,Amazon CloudWatch,staging,non_production_cost,508.59,0.0029275932031033527,160752.36,12970.55,0.0807
2026-03-01,Amazon DynamoDB,production,direct_product_cost,6170.0406,0.03551656328954902,160752.36,12970.55,0.0807
2026-03-01,Amazon EC2,development,non_production_cost,3945.09,0.022709095085689864,160752.36,12970.55,0.0807
2026-03-01,Amazon EC2,production,shared_platform_cost,9081.5,0.05227577749067638,160752.36,12970.55,0.0807
2026-03-01,Amazon EC2,staging,non_production_cost,1516.81,0.008731203221453817,160752.36,12970.55,0.0807
2026-03-01,Amazon QuickSight,production,direct_product_cost,14140.0155,0.08139407630817762,160752.36,12970.55,0.0807
2026-03-01,Amazon RDS,development,non_production_cost,3235.12,0.018622299540344323,160752.36,12970.55,0.0807
2026-03-01,Amazon RDS,production,shared_platform_cost,7907.1,0.04551558665380468,160752.36,12970.55,0.0807
2026-03-01,Amazon RDS,staging,non_production_cost,1393.99,0.008024215279879753,160752.36,12970.55,0.0807
2026-03-01,Amazon S3,development,non_production_cost,787.13,0.004530951135411122,160752.36,12970.55,0.0807
2026-03-01,Amazon S3,production,direct_product_cost,18778.4723,0.10809439405050157,160752.36,12970.55,0.0807
2026-03-01,Amazon S3,staging,non_production_cost,349.39,0.0020111913117290556,160752.36,12970.55,0.0807
2026-03-01,Data Transfer,production,direct_product_cost,3694.0358,0.021263953479424405,160752.36,12970.55,0.0807
2026-04-01,AWS Glue,production,direct_product_cost,4994.0619,0.029223374634701295,181540.44,-10647.72,-0.0587
2026-04-01,AWS Lambda,production,direct_product_cost,17678.0515,0.10344531808787617,181540.44,-10647.72,-0.0587
2026-04-01,AWS Step Functions,production,direct_product_cost,1093.1734,0.006396840177109173,181540.44,-10647.72,-0.0587
2026-04-01,AWS Support,production,shared_platform_cost,4226.34,0.024730954406797297,181540.44,-10647.72,-0.0587
2026-04-01,Amazon API Gateway,production,direct_product_cost,6129.3388,0.035866588681131586,181540.44,-10647.72,-0.0587
2026-04-01,Amazon Athena,production,direct_product_cost,16904.2509,0.09891732759053037,181540.44,-10647.72,-0.0587
2026-04-01,Amazon Bedrock,production,direct_product_cost,35901.8441,0.21008410813068626,181540.44,-10647.72,-0.0587
2026-04-01,Amazon CloudFront,production,direct_product_cost,2230.6116,0.013052701339426827,181540.44,-10647.72,-0.0587
2026-04-01,Amazon CloudFront,production,shared_platform_cost,3164.81,0.01851927952227605,181540.44,-10647.72,-0.0587
2026-04-01,Amazon CloudWatch,development,non_production_cost,541.62,0.0031693568254824627,181540.44,-10647.72,-0.0587
2026-04-01,Amazon CloudWatch,production,direct_product_cost,7101.9709,0.04155806644195715,181540.44,-10647.72,-0.0587
2026-04-01,Amazon CloudWatch,production,shared_platform_cost,2609.61,0.015270457636991414,181540.44,-10647.72,-0.0587
2026-04-01,Amazon CloudWatch,staging,non_production_cost,414.57,0.0024259079412508114,181540.44,-10647.72,-0.0587
2026-04-01,Amazon DynamoDB,production,direct_product_cost,6265.1881,0.036661527764237846,181540.44,-10647.72,-0.0587
2026-04-01,Amazon EC2,development,non_production_cost,2349.25,0.013746928699576595,181540.44,-10647.72,-0.0587
2026-04-01,Amazon EC2,production,shared_platform_cost,9394.24,0.05497156431487089,181540.44,-10647.72,-0.0587
2026-04-01,Amazon EC2,staging,non_production_cost,1690.58,0.009892639234193977,181540.44,-10647.72,-0.0587
2026-04-01,Amazon QuickSight,production,direct_product_cost,13257.0507,0.07757528178762244,181540.44,-10647.72,-0.0587
2026-04-01,Amazon RDS,development,non_production_cost,1788.91,0.010468029464705573,181540.44,-10647.72,-0.0587
2026-04-01,Amazon RDS,production,shared_platform_cost,8144.61,0.04765919887447421,181540.44,-10647.72,-0.0587
2026-04-01,Amazon RDS,staging,non_production_cost,1500.1,0.00877802181216765,181540.44,-10647.72,-0.0587
2026-04-01,Amazon S3,development,non_production_cost,400.21,0.002341878614390784,181540.44,-10647.72,-0.0587
2026-04-01,Amazon S3,production,direct_product_cost,19059.6188,0.11152973105659662,181540.44,-10647.72,-0.0587
2026-04-01,Amazon S3,staging,non_production_cost,346.61,0.002028231544773968,181540.44,-10647.72,-0.0587
2026-04-01,Data Transfer,production,direct_product_cost,3706.0966,0.021686685416172496,181540.44,-10647.72,-0.0587
2026-05-01,AWS Glue,production,direct_product_cost,7469.7934000000005,0.040615910149523586,178582.89,5330.1,0.0298
2026-05-01,AWS Lambda,production,direct_product_cost,18278.8943,0.09938881690107236,178582.89,5330.1,0.0298
2026-05-01,AWS Step Functions,production,direct_product_cost,1034.3175,0.005623950274994201,178582.89,5330.1,0.0298
2026-05-01,AWS Support,production,shared_platform_cost,4503.94,0.024489515648296944,178582.89,5330.1,0.0298
2026-05-01,Amazon API Gateway,production,direct_product_cost,6638.0102,0.036093210537097464,178582.89,5330.1,0.0298
2026-05-01,Amazon Athena,production,direct_product_cost,20299.909,0.11037778902794088,178582.89,5330.1,0.0298
2026-05-01,Amazon Bedrock,production,direct_product_cost,36281.1914,0.19727367694266726,178582.89,5330.1,0.0298
2026-05-01,Amazon CloudFront,production,direct_product_cost,2336.4422,0.012704063068833364,178582.89,5330.1,0.0298
2026-05-01,Amazon CloudFront,production,shared_platform_cost,3350.95,0.01822030099460931,178582.89,5330.1,0.0298
2026-05-01,Amazon CloudWatch,development,non_production_cost,660.48,0.0035912634927168586,178582.89,5330.1,0.0298
2026-05-01,Amazon CloudWatch,production,direct_product_cost,7371.5079,0.04008149710444512,178582.89,5330.1,0.0298
2026-05-01,Amazon CloudWatch,production,shared_platform_cost,2475.36,0.01345940830809654,178582.89,5330.1,0.0298
2026-05-01,Amazon CloudWatch,staging,non_production_cost,488.46,0.002655929877744181,178582.89,5330.1,0.0298
2026-05-01,Amazon DynamoDB,production,direct_product_cost,6501.0131,0.03534830882343758,178582.89,5330.1,0.0298
2026-05-01,Amazon EC2,development,non_production_cost,2333.4,0.012687521550850166,178582.89,5330.1,0.0298
2026-05-01,Amazon EC2,production,shared_platform_cost,9975.43,0.05423994304619751,178582.89,5330.1,0.0298
2026-05-01,Amazon EC2,staging,non_production_cost,1863.39,0.010131910852249376,178582.89,5330.1,0.0298
2026-05-01,Amazon QuickSight,production,direct_product_cost,16027.8194,0.08714892605238467,178582.89,5330.1,0.0298
2026-05-01,Amazon RDS,development,non_production_cost,1886.57,0.010257948715259877,178582.89,5330.1,0.0298
2026-05-01,Amazon RDS,production,shared_platform_cost,7955.61,0.04325746692601315,178582.89,5330.1,0.0298
2026-05-01,Amazon RDS,staging,non_production_cost,1378.06,0.007492999892159329,178582.89,5330.1,0.0298
2026-05-01,Amazon S3,development,non_production_cost,492.86,0.0026798542348298675,178582.89,5330.1,0.0298
2026-05-01,Amazon S3,production,direct_product_cost,20030.6105,0.10891351778325002,178582.89,5330.1,0.0298
2026-05-01,Amazon S3,staging,non_production_cost,347.13,0.0018874686534441664,178582.89,5330.1,0.0298
2026-05-01,Data Transfer,production,direct_product_cost,3931.8392,0.021378801141886294,178582.89,5330.1,0.0298
2026-06-01,AWS Glue,production,direct_product_cost,6841.72,0.03841457126452598,192189.07,-14086.86,-0.0733
2026-06-01,AWS Lambda,production,direct_product_cost,16917.3326,0.09498665229918626,192189.07,-14086.86,-0.0733
2026-06-01,AWS Step Functions,production,direct_product_cost,973.4832,0.005465868197064305,192189.07,-14086.86,-0.0733
2026-06-01,AWS Support,production,shared_platform_cost,4876.23,0.02737882942260418,192189.07,-14086.86,-0.0733
2026-06-01,Amazon API Gateway,production,direct_product_cost,5990.6826,0.03363620605065039,192189.07,-14086.86,-0.0733
2026-06-01,Amazon Athena,production,direct_product_cost,19210.9003,0.10786446955298573,192189.07,-14086.86,-0.0733
2026-06-01,Amazon Bedrock,production,direct_product_cost,35602.4241,0.19989883505599865,192189.07,-14086.86,-0.0733
2026-06-01,Amazon CloudFront,production,direct_product_cost,2387.4975,0.013405209926396813,192189.07,-14086.86,-0.0733
2026-06-01,Amazon CloudFront,production,shared_platform_cost,3232.35,0.018148848451396804,192189.07,-14086.86,-0.0733
2026-06-01,Amazon CloudWatch,development,non_production_cost,636.51,0.0035738467454943246,192189.07,-14086.86,-0.0733
2026-06-01,Amazon CloudWatch,production,direct_product_cost,6694.6913,0.03758904135770714,192189.07,-14086.86,-0.0733
2026-06-01,Amazon CloudWatch,production,shared_platform_cost,2502.19,0.014049180041332335,192189.07,-14086.86,-0.0733
2026-06-01,Amazon CloudWatch,staging,non_production_cost,457.39,0.0025681320999224664,192189.07,-14086.86,-0.0733
2026-06-01,Amazon DynamoDB,production,direct_product_cost,6238.9281,0.03503004333876623,192189.07,-14086.86,-0.0733
2026-06-01,Amazon EC2,development,non_production_cost,2287.98,0.01284644369570958,192189.07,-14086.86,-0.0733
2026-06-01,Amazon EC2,production,shared_platform_cost,10446.91,0.05865682440805661,192189.07,-14086.86,-0.0733
2026-06-01,Amazon EC2,staging,non_production_cost,1997.29,0.01121429100298245,192189.07,-14086.86,-0.0733
2026-06-01,Amazon QuickSight,production,direct_product_cost,15143.5326,0.08502720255423671,192189.07,-14086.86,-0.0733
2026-06-01,Amazon RDS,development,non_production_cost,2008.92,0.011279590586099918,192189.07,-14086.86,-0.0733
2026-06-01,Amazon RDS,production,shared_platform_cost,7938.28,0.04457148535423275,192189.07,-14086.86,-0.0733
2026-06-01,Amazon RDS,staging,non_production_cost,1360.16,0.007636963110322793,192189.07,-14086.86,-0.0733
2026-06-01,Amazon S3,development,non_production_cost,413.61,0.0023223181920219754,192189.07,-14086.86,-0.0733
2026-06-01,Amazon S3,production,direct_product_cost,19773.7285,0.11102461115459832,192189.07,-14086.86,-0.0733
2026-06-01,Amazon S3,staging,non_production_cost,347.02,0.001948431756958163,192189.07,-14086.86,-0.0733
2026-06-01,Data Transfer,production,direct_product_cost,3822.4482,0.021462104380749143,192189.07,-14086.86,-0.0733
