customer_id,company_name,industry,company_size_segment,region,country,signup_date,churn_date,initial_plan,contract_type,account_owner,risk_profile,power_user_flag,underpriced_flag,planned_upgrade_month
CUST-0001,"Lopez, Gray and Dyer",Education,Mid-Market,North America,Canada,2025-01-24,,Professional,Annual,Noah Williams,Medium,False,False,2025-09-01
CUST-0002,Powell-Kirk,Technology,SMB,APAC,India,2024-08-06,,Professional,Annual,Maya Patel,Low,False,False,2025-12-01
CUST-0003,Clark Ltd,Media,SMB,North America,Canada,2024-05-11,,Starter,Monthly,Sofia Garcia,Low,False,False,
CUST-0004,Preston-Martinez,Media,Mid-Market,LATAM,Mexico,2025-01-05,2025-12-03,Professional,Monthly,Noah Williams,Medium,False,False,
CUST-0005,Cervantes Group,Manufacturing,SMB,APAC,Japan,2025-03-01,,Starter,Monthly,Noah Williams,Low,False,False,
CUST-0006,"Davis, Grant and Mitchell",Education,Enterprise,North America,United States,2025-09-24,,Enterprise,Annual,Maya Patel,Medium,False,False,
CUST-0007,Meyer and Sons,Education,Mid-Market,Europe,United Kingdom,2025-03-02,,Professional,Monthly,Noah Williams,Low,False,False,
CUST-0008,"Stephenson, Jackson and Martin",Logistics,Enterprise,North America,United States,2024-06-07,,Enterprise,Annual,Maya Patel,Low,False,False,
CUST-0009,Smith-Lopez,Financial Services,SMB,APAC,Australia,2024-03-02,,Starter,Annual,Ethan Kim,Medium,False,False,
CUST-0010,"Barajas, Cook and Smith",Logistics,SMB,Europe,Netherlands,2024-07-15,,Professional,Annual,Sofia Garcia,Low,False,False,2026-04-01
CUST-0011,"Williams, Baker and Ortega",Retail,Enterprise,LATAM,Brazil,2025-06-30,,Professional,Monthly,Ethan Kim,Low,False,False,2026-02-01
CUST-0012,Nichols-Williams,Retail,SMB,North America,Canada,2024-07-31,,Starter,Monthly,Noah Williams,Low,False,False,
CUST-0013,"Lee, Johnston and Townsend",Technology,Mid-Market,APAC,Australia,2025-03-22,,Professional,Annual,Sofia Garcia,High,False,False,2026-01-01
CUST-0014,Chan-Guerra,Technology,Mid-Market,Europe,Germany,2024-10-13,2026-02-15,Professional,Annual,Maya Patel,Medium,False,False,
CUST-0015,Joseph and Sons,Retail,SMB,Europe,France,2025-01-09,,Starter,Annual,Jordan Lee,Low,False,False,
CUST-0016,Edwards and Sons,Retail,SMB,Europe,Netherlands,2025-09-22,,Professional,Annual,Maya Patel,Medium,False,False,2026-03-01
CUST-0017,Allen PLC,Technology,SMB,APAC,India,2025-07-06,,Starter,Annual,Jordan Lee,High,False,False,
CUST-0018,Sherman Inc,Professional Services,SMB,North America,Canada,2025-11-06,,Professional,Monthly,Sofia Garcia,Low,False,False,
CUST-0019,Stewart-Newton,Logistics,Mid-Market,Europe,France,2024-05-05,,Professional,Monthly,Jordan Lee,Low,False,False,
CUST-0020,Dorsey Group,Financial Services,SMB,Europe,France,2024-04-27,,Starter,Monthly,Sofia Garcia,Low,True,False,2025-12-01
CUST-0021,"Nash, Cruz and Thompson",Media,SMB,LATAM,Mexico,2025-04-06,,Professional,Annual,Jordan Lee,Low,False,False,
CUST-0022,"Travis, Curry and Parker",Logistics,SMB,Europe,Germany,2026-03-24,,Professional,Monthly,Avery Chen,Medium,True,False,
CUST-0023,"Johnson, Frey and Lindsey",Retail,Mid-Market,APAC,Japan,2025-04-05,,Professional,Annual,Maya Patel,Low,False,False,
CUST-0024,Lara-Mclaughlin,Hospitality,SMB,Europe,United Kingdom,2024-08-01,,Starter,Monthly,Noah Williams,Low,False,False,
CUST-0025,Weiss Group,Retail,Mid-Market,North America,United States,2024-12-30,,Professional,Monthly,Noah Williams,Low,False,False,
CUST-0026,Baker and Sons,Logistics,SMB,Europe,Germany,2026-04-10,,Starter,Annual,Ethan Kim,Low,False,False,
CUST-0027,Ward-Drake,Professional Services,SMB,Europe,Germany,2025-02-15,2026-04-13,Starter,Annual,Maya Patel,Medium,False,False,
CUST-0028,Gregory Inc,Logistics,Mid-Market,North America,Canada,2025-08-31,,Starter,Annual,Ethan Kim,Low,False,False,
CUST-0029,Johnson Group,Education,Mid-Market,North America,United States,2024-06-29,,Enterprise,Annual,Sofia Garcia,Low,False,False,
CUST-0030,"Taylor, Mitchell and Alvarez",Healthcare,Mid-Market,North America,United States,2024-08-06,,Starter,Monthly,Ethan Kim,Low,False,False,
CUST-0031,Thomas-Flowers,Hospitality,SMB,Europe,Germany,2026-03-06,,Starter,Monthly,Jordan Lee,Medium,False,False,
CUST-0032,"Young, Porter and Anderson",Manufacturing,Enterprise,Europe,Netherlands,2025-12-02,,Enterprise,Monthly,Sofia Garcia,Low,True,True,
CUST-0033,Deleon-Yates,Technology,Mid-Market,North America,United States,2025-04-23,,Professional,Annual,Avery Chen,Low,False,False,
CUST-0034,Cantu-Hobbs,Logistics,SMB,North America,Canada,2025-04-21,,Starter,Monthly,Avery Chen,Medium,False,False,
CUST-0035,Brown-Sparks,Financial Services,Mid-Market,Europe,United Kingdom,2025-05-28,2025-12-30,Professional,Monthly,Noah Williams,Medium,True,False,
CUST-0036,Patterson LLC,Healthcare,SMB,North America,Canada,2024-06-23,,Starter,Annual,Maya Patel,Medium,False,False,
CUST-0037,Smith LLC,Manufacturing,SMB,North America,United States,2025-11-26,,Starter,Annual,Jordan Lee,Low,False,False,
CUST-0038,"Armstrong, Cruz and Johnson",Manufacturing,Mid-Market,APAC,Singapore,2024-08-10,,Professional,Monthly,Jordan Lee,Low,False,False,
CUST-0039,Green-Townsend,Healthcare,Mid-Market,North America,United States,2026-04-07,,Professional,Annual,Avery Chen,Medium,False,False,
CUST-0040,"Cuevas, Crawford and Ortega",Financial Services,SMB,North America,United States,2024-08-30,,Starter,Annual,Maya Patel,Low,False,False,
CUST-0041,Robinson Inc,Professional Services,SMB,Europe,United Kingdom,2025-02-25,,Professional,Annual,Ethan Kim,Low,False,False,
CUST-0042,Sanchez-Nelson,Retail,SMB,North America,United States,2025-11-10,,Starter,Monthly,Jordan Lee,Medium,False,False,
CUST-0043,"Morgan, Martinez and Quinn",Hospitality,SMB,APAC,Australia,2024-07-24,,Starter,Monthly,Jordan Lee,Low,False,False,
CUST-0044,Stark-Wallace,Retail,Mid-Market,APAC,Singapore,2025-12-08,,Professional,Monthly,Sofia Garcia,Medium,False,False,
CUST-0045,Henderson Group,Logistics,SMB,North America,United States,2024-05-28,,Starter,Annual,Avery Chen,Low,False,False,
CUST-0046,Stephens LLC,Logistics,Mid-Market,North America,United States,2025-08-17,,Professional,Annual,Jordan Lee,Medium,False,False,
CUST-0047,Powell Ltd,Manufacturing,SMB,Europe,Netherlands,2024-07-29,,Starter,Annual,Noah Williams,Medium,False,False,
CUST-0048,Perry-Gross,Professional Services,Mid-Market,Europe,Germany,2025-10-16,,Professional,Monthly,Noah Williams,Medium,False,False,2026-04-01
CUST-0049,Rivera-Nguyen,Financial Services,SMB,Europe,United Kingdom,2025-07-25,,Starter,Annual,Sofia Garcia,Medium,False,False,
CUST-0050,Flowers Ltd,Logistics,Mid-Market,North America,United States,2025-06-25,2026-03-01,Professional,Annual,Avery Chen,Medium,True,False,
CUST-0051,"Riley, Clark and Benson",Professional Services,Enterprise,North America,Canada,2024-04-18,2025-09-15,Enterprise,Monthly,Noah Williams,Medium,False,False,
CUST-0052,Lamb-Miller,Hospitality,SMB,Europe,Germany,2025-07-01,2026-05-29,Starter,Annual,Ethan Kim,High,False,False,
CUST-0053,"Ruiz, Roy and Wallace",Retail,Mid-Market,North America,United States,2025-04-16,2025-12-17,Professional,Monthly,Jordan Lee,Medium,False,False,
CUST-0054,Brown-Compton,Hospitality,Enterprise,North America,Canada,2024-06-13,,Enterprise,Monthly,Sofia Garcia,Low,True,False,
CUST-0055,"Taylor, Henderson and Thornton",Healthcare,Mid-Market,North America,United States,2024-08-06,,Professional,Annual,Maya Patel,Medium,False,False,
CUST-0056,Allen-Wilkinson,Professional Services,SMB,North America,Canada,2025-09-03,,Professional,Annual,Avery Chen,Low,False,False,
CUST-0057,Ross Group,Manufacturing,Enterprise,APAC,India,2026-04-08,,Professional,Annual,Maya Patel,Low,False,False,
CUST-0058,"Koch, Higgins and Smith",Hospitality,Enterprise,Europe,Netherlands,2025-11-22,,Enterprise,Monthly,Avery Chen,Low,False,False,
CUST-0059,Goodman-Scott,Retail,Mid-Market,APAC,Japan,2025-11-20,,Professional,Annual,Noah Williams,Low,False,False,
CUST-0060,Lozano-Lawrence,Manufacturing,SMB,APAC,Australia,2024-04-05,,Starter,Monthly,Noah Williams,Medium,False,False,
CUST-0061,Crawford-Wong,Hospitality,SMB,North America,United States,2024-05-23,2025-10-27,Starter,Monthly,Avery Chen,Low,False,False,
CUST-0062,Robles-Davis,Manufacturing,SMB,North America,United States,2024-08-26,,Professional,Annual,Jordan Lee,Medium,False,False,
CUST-0063,Jones-Villa,Education,Enterprise,North America,United States,2024-07-17,2026-01-04,Enterprise,Annual,Maya Patel,Low,True,True,
CUST-0064,"Hall, Leonard and Williams",Logistics,Mid-Market,North America,United States,2024-12-29,,Professional,Annual,Avery Chen,Medium,False,False,
CUST-0065,"Taylor, Brewer and Smith",Professional Services,Mid-Market,Europe,United Kingdom,2025-12-31,,Enterprise,Annual,Avery Chen,Low,True,True,
CUST-0066,"Rogers, Jefferson and Martinez",Hospitality,SMB,North America,United States,2025-02-18,,Professional,Annual,Maya Patel,Medium,False,False,
CUST-0067,Wood-Gallegos,Media,SMB,APAC,Singapore,2025-06-10,,Starter,Annual,Sofia Garcia,Low,False,False,
CUST-0068,"Parker, Mason and Choi",Media,SMB,APAC,India,2025-11-23,,Starter,Annual,Jordan Lee,Low,False,False,
CUST-0069,"Burns, Kim and Robinson",Hospitality,Mid-Market,North America,United States,2025-09-04,,Enterprise,Annual,Avery Chen,Medium,False,False,
CUST-0070,Chapman-Stevens,Retail,Mid-Market,APAC,Singapore,2025-12-27,,Professional,Annual,Ethan Kim,Medium,False,False,
CUST-0071,Meyer-Martinez,Retail,Mid-Market,North America,Canada,2024-07-21,,Professional,Annual,Jordan Lee,Low,True,True,
CUST-0072,Johnson-Harrison,Retail,Mid-Market,North America,Canada,2025-02-05,,Professional,Annual,Jordan Lee,High,False,False,
CUST-0073,"Parsons, Rogers and Lopez",Education,SMB,North America,Canada,2026-01-13,,Starter,Monthly,Avery Chen,Low,False,False,
CUST-0074,Jackson and Sons,Technology,SMB,Europe,Germany,2024-07-24,,Starter,Annual,Avery Chen,Low,False,False,
CUST-0075,White-Durham,Retail,SMB,Europe,United Kingdom,2026-01-10,,Starter,Annual,Sofia Garcia,Low,False,False,
CUST-0076,Jenkins Ltd,Education,Mid-Market,APAC,India,2024-05-13,,Professional,Annual,Ethan Kim,Low,False,False,
CUST-0077,Manning-Singleton,Hospitality,SMB,North America,United States,2026-02-08,,Starter,Annual,Sofia Garcia,Low,False,False,
CUST-0078,Webb-Taylor,Logistics,SMB,APAC,Japan,2024-09-24,,Starter,Annual,Sofia Garcia,Low,False,False,
CUST-0079,Mitchell and Sons,Retail,SMB,Europe,United Kingdom,2026-03-18,,Starter,Annual,Avery Chen,Low,False,False,
CUST-0080,Reed-Green,Retail,Mid-Market,North America,United States,2025-09-10,,Professional,Annual,Avery Chen,Medium,True,False,
CUST-0081,Miller-Castillo,Professional Services,SMB,APAC,Australia,2024-07-13,,Starter,Monthly,Noah Williams,Low,True,False,
CUST-0082,Evans-Johnson,Healthcare,Mid-Market,North America,Canada,2026-01-30,,Starter,Annual,Ethan Kim,Low,False,False,
CUST-0083,Hill-Rodriguez,Technology,SMB,North America,Canada,2024-12-11,,Starter,Monthly,Avery Chen,Low,False,False,
CUST-0084,"Good, Coleman and Freeman",Media,SMB,North America,United States,2025-06-07,,Starter,Monthly,Avery Chen,Low,False,False,
CUST-0085,"Jacobs, Woodward and Sanchez",Logistics,Mid-Market,North America,United States,2024-07-16,,Starter,Annual,Sofia Garcia,Medium,True,False,
CUST-0086,Mullen Group,Logistics,SMB,North America,Canada,2025-12-23,2026-06-03,Professional,Annual,Sofia Garcia,Medium,False,False,
CUST-0087,"Jensen, Stanley and Brown",Logistics,SMB,Europe,Germany,2024-08-22,,Starter,Annual,Sofia Garcia,Low,False,False,
CUST-0088,Ramirez-Orr,Healthcare,SMB,North America,United States,2024-04-05,,Starter,Annual,Maya Patel,Medium,False,False,
CUST-0089,Anderson-Fisher,Professional Services,SMB,North America,Canada,2026-01-12,,Starter,Monthly,Jordan Lee,Medium,False,False,
CUST-0090,Mendoza-Glass,Logistics,SMB,Europe,Germany,2025-05-31,,Starter,Monthly,Jordan Lee,High,False,False,2026-01-01
CUST-0091,Williams and Sons,Professional Services,SMB,North America,United States,2025-06-09,,Professional,Monthly,Jordan Lee,Low,False,False,
CUST-0092,"King, Whitehead and Thompson",Logistics,SMB,North America,United States,2025-03-09,,Starter,Monthly,Maya Patel,Medium,False,False,
CUST-0093,"Guerrero, Jarvis and Burgess",Media,Mid-Market,Europe,France,2026-02-24,,Professional,Annual,Avery Chen,Low,False,False,
CUST-0094,Clark LLC,Retail,SMB,APAC,India,2024-09-30,2025-12-26,Professional,Monthly,Maya Patel,High,False,False,
CUST-0095,"Hammond, Larson and Mendoza",Hospitality,Enterprise,LATAM,Mexico,2025-01-27,,Enterprise,Annual,Jordan Lee,High,False,False,
CUST-0096,Beltran-Ford,Hospitality,Mid-Market,Europe,Netherlands,2025-12-08,,Professional,Annual,Maya Patel,Low,False,False,
CUST-0097,Sullivan-Johnson,Media,SMB,Europe,France,2025-08-28,,Starter,Monthly,Avery Chen,High,False,False,
CUST-0098,Hill-Smith,Media,Mid-Market,Europe,France,2025-12-13,,Professional,Monthly,Jordan Lee,Low,False,False,
CUST-0099,Olson and Sons,Healthcare,SMB,LATAM,Mexico,2025-07-15,,Professional,Monthly,Maya Patel,Medium,False,False,
CUST-0100,"Palmer, Johnson and Lucas",Professional Services,SMB,Europe,Germany,2025-01-19,,Starter,Monthly,Sofia Garcia,Low,False,False,
CUST-0101,"Castro, Young and Wong",Education,Enterprise,Europe,France,2025-02-18,2025-11-26,Enterprise,Annual,Noah Williams,Medium,False,False,
CUST-0102,Gonzalez Group,Professional Services,Enterprise,APAC,Japan,2024-06-15,,Enterprise,Monthly,Maya Patel,High,False,False,
CUST-0103,Ware-Garcia,Media,SMB,North America,Canada,2024-09-12,,Starter,Monthly,Jordan Lee,High,False,False,2026-02-01
CUST-0104,Wagner Group,Financial Services,Enterprise,North America,United States,2025-11-29,,Enterprise,Annual,Noah Williams,Low,False,False,
CUST-0105,Hall Group,Logistics,Mid-Market,APAC,Singapore,2025-08-30,,Professional,Annual,Ethan Kim,Low,False,False,
CUST-0106,"Hernandez, Frost and Edwards",Healthcare,SMB,Europe,Netherlands,2025-01-23,,Starter,Annual,Ethan Kim,High,False,False,
CUST-0107,"Scott, Aguilar and Bradley",Professional Services,SMB,LATAM,Mexico,2024-05-11,,Starter,Monthly,Noah Williams,Low,False,False,
CUST-0108,Knapp-Ayala,Financial Services,Enterprise,Europe,United Kingdom,2025-06-05,2026-01-25,Professional,Monthly,Avery Chen,Medium,False,False,
CUST-0109,"Chandler, Foster and Lee",Technology,Mid-Market,North America,United States,2024-08-22,,Professional,Monthly,Maya Patel,High,False,False,
CUST-0110,Lewis LLC,Hospitality,SMB,Europe,France,2024-09-19,,Starter,Annual,Sofia Garcia,Low,False,False,
CUST-0111,"Cole, Rogers and Nelson",Hospitality,Mid-Market,North America,United States,2024-06-17,,Professional,Annual,Sofia Garcia,Medium,False,False,
CUST-0112,Cooper-Jackson,Healthcare,SMB,Europe,Netherlands,2025-03-31,,Starter,Annual,Jordan Lee,Low,True,False,
CUST-0113,Wilson-Berger,Logistics,SMB,LATAM,Mexico,2025-12-16,2026-06-07,Starter,Monthly,Sofia Garcia,High,False,False,
CUST-0114,Ruiz-Dawson,Hospitality,Enterprise,APAC,Australia,2025-03-20,,Enterprise,Annual,Avery Chen,Low,True,False,
CUST-0115,Olson-Barron,Media,SMB,Europe,Germany,2025-09-11,,Starter,Annual,Noah Williams,Medium,False,False,
CUST-0116,Glover-Scott,Professional Services,Mid-Market,North America,United States,2024-07-21,,Professional,Annual,Sofia Garcia,Low,False,False,
CUST-0117,Vazquez-Davis,Media,SMB,North America,Canada,2025-10-13,,Starter,Monthly,Ethan Kim,Low,True,False,2026-04-01
CUST-0118,Schaefer LLC,Manufacturing,Enterprise,North America,United States,2025-06-06,,Professional,Monthly,Noah Williams,Medium,False,False,
CUST-0119,Powell Group,Healthcare,Mid-Market,North America,Canada,2024-12-25,2026-03-29,Starter,Annual,Noah Williams,Medium,False,False,
CUST-0120,Page LLC,Healthcare,SMB,North America,Canada,2024-12-26,,Starter,Monthly,Maya Patel,Low,False,False,
CUST-0121,"Schmidt, Brown and Becker",Media,Enterprise,North America,Canada,2026-01-15,,Enterprise,Annual,Jordan Lee,Medium,True,True,
CUST-0122,Ball PLC,Manufacturing,SMB,LATAM,Brazil,2025-03-16,,Starter,Monthly,Ethan Kim,Low,False,False,
CUST-0123,Walker-Erickson,Retail,SMB,Europe,Germany,2024-11-01,,Starter,Annual,Noah Williams,High,False,False,
CUST-0124,Bonilla Inc,Financial Services,SMB,North America,Canada,2024-11-26,,Starter,Annual,Maya Patel,Low,True,False,
CUST-0125,Alexander LLC,Media,SMB,North America,Canada,2024-07-06,2025-10-15,Starter,Monthly,Ethan Kim,High,False,False,
CUST-0126,White LLC,Professional Services,Mid-Market,North America,United States,2025-02-13,,Professional,Monthly,Noah Williams,Low,False,False,
CUST-0127,Mata-Clark,Healthcare,Mid-Market,Europe,United Kingdom,2025-07-29,,Professional,Monthly,Ethan Kim,Medium,False,False,
CUST-0128,Shah Inc,Financial Services,Mid-Market,Europe,France,2025-10-17,,Starter,Monthly,Maya Patel,Medium,False,False,
CUST-0129,"Williams, Bryant and Frye",Media,SMB,North America,United States,2026-03-03,,Starter,Monthly,Avery Chen,Medium,False,False,
CUST-0130,Hernandez Ltd,Retail,SMB,Europe,France,2024-04-07,,Starter,Annual,Avery Chen,Low,False,False,
CUST-0131,Cook LLC,Healthcare,SMB,APAC,India,2026-02-22,,Professional,Monthly,Sofia Garcia,Low,False,False,
CUST-0132,Perkins-Lambert,Hospitality,SMB,Europe,Germany,2025-10-23,,Professional,Annual,Jordan Lee,Medium,False,False,
CUST-0133,Fuller-Thompson,Logistics,SMB,North America,United States,2026-04-09,,Professional,Monthly,Avery Chen,Low,False,False,
CUST-0134,"Cook, Conway and Gray",Media,SMB,North America,Canada,2026-01-16,,Professional,Monthly,Avery Chen,Medium,True,False,
CUST-0135,"Nguyen, Acevedo and Manning",Manufacturing,Mid-Market,Europe,United Kingdom,2024-11-01,,Professional,Annual,Noah Williams,Low,False,False,
CUST-0136,"Townsend, Barber and Reese",Financial Services,SMB,APAC,India,2024-10-14,,Starter,Annual,Ethan Kim,Low,False,False,
CUST-0137,Thompson PLC,Hospitality,SMB,APAC,Australia,2024-05-26,,Professional,Monthly,Sofia Garcia,Medium,False,False,
CUST-0138,"Jackson, Austin and Thomas",Professional Services,Enterprise,Europe,Germany,2025-03-29,,Professional,Monthly,Noah Williams,Low,False,False,
CUST-0139,Nelson-Young,Media,Enterprise,North America,United States,2026-03-13,,Enterprise,Monthly,Maya Patel,Low,False,False,
CUST-0140,Gross PLC,Media,Mid-Market,Europe,France,2024-09-20,,Professional,Monthly,Jordan Lee,Low,False,False,
CUST-0141,Arnold-Roberts,Logistics,Mid-Market,APAC,Singapore,2026-04-11,,Professional,Annual,Noah Williams,Medium,False,False,
CUST-0142,"Ramsey, Ellis and Pearson",Manufacturing,SMB,North America,Canada,2024-03-10,,Starter,Annual,Jordan Lee,Low,False,False,
CUST-0143,"Leon, Williams and Keller",Hospitality,Enterprise,North America,Canada,2025-09-03,,Enterprise,Annual,Maya Patel,Low,False,False,
CUST-0144,Brown-Walls,Logistics,SMB,Europe,Germany,2024-08-23,2025-09-11,Starter,Monthly,Ethan Kim,Low,False,False,
CUST-0145,Rice Inc,Retail,SMB,Europe,Germany,2026-03-22,,Starter,Annual,Jordan Lee,Low,False,False,
CUST-0146,Martinez-Hart,Financial Services,Mid-Market,North America,United States,2024-08-05,,Professional,Monthly,Noah Williams,Low,False,False,2026-02-01
CUST-0147,"Hall, Tucker and Webb",Professional Services,SMB,APAC,India,2024-09-05,2025-07-24,Starter,Annual,Sofia Garcia,High,False,False,
CUST-0148,Simpson-Burgess,Financial Services,SMB,North America,Canada,2026-03-18,,Starter,Annual,Noah Williams,Low,False,False,
CUST-0149,Duran-Orozco,Healthcare,SMB,APAC,India,2025-04-03,,Starter,Annual,Jordan Lee,Low,False,False,
CUST-0150,"Orozco, Romero and Garcia",Media,Mid-Market,North America,United States,2025-06-28,2026-02-13,Starter,Monthly,Noah Williams,Low,False,False,
CUST-0151,"Abbott, Green and Jenkins",Technology,Mid-Market,North America,United States,2025-09-16,,Professional,Annual,Noah Williams,Medium,False,False,
CUST-0152,Grimes-Dixon,Healthcare,Enterprise,North America,United States,2024-08-27,,Professional,Monthly,Ethan Kim,Low,False,False,
CUST-0153,Johnson-Gentry,Financial Services,SMB,North America,United States,2025-07-05,,Starter,Monthly,Ethan Kim,Medium,False,False,2026-01-01
CUST-0154,"Butler, Blanchard and Keller",Media,SMB,APAC,Japan,2024-11-01,,Starter,Monthly,Avery Chen,Low,False,False,
CUST-0155,Evans-Wright,Manufacturing,Mid-Market,North America,Canada,2024-10-22,,Professional,Annual,Jordan Lee,Low,True,True,2026-01-01
CUST-0156,"Chavez, Lee and Pope",Education,Mid-Market,Europe,France,2025-03-31,2026-01-11,Starter,Annual,Maya Patel,Low,True,False,2025-10-01
CUST-0157,"Hale, Levy and Dickerson",Manufacturing,Enterprise,North America,United States,2024-10-08,,Professional,Annual,Jordan Lee,Low,False,False,
CUST-0158,"Chapman, Kane and West",Financial Services,Enterprise,North America,United States,2024-08-22,,Enterprise,Annual,Jordan Lee,Low,True,False,
CUST-0159,"Potter, Rose and Holmes",Healthcare,SMB,LATAM,Mexico,2024-07-02,,Starter,Annual,Avery Chen,Medium,False,False,
CUST-0160,Jones Ltd,Logistics,Mid-Market,Europe,Netherlands,2024-07-17,,Enterprise,Monthly,Ethan Kim,Low,False,False,
CUST-0161,White-Mcclain,Hospitality,SMB,North America,United States,2024-10-15,,Starter,Monthly,Maya Patel,Low,False,False,
CUST-0162,"Gonzales, Downs and Nelson",Media,SMB,North America,United States,2025-11-08,,Starter,Monthly,Jordan Lee,High,False,False,
CUST-0163,Hunter and Sons,Hospitality,SMB,North America,Canada,2025-07-10,,Starter,Annual,Jordan Lee,Low,False,False,
CUST-0164,"Gates, Abbott and Tanner",Retail,Mid-Market,North America,United States,2025-05-04,,Professional,Monthly,Jordan Lee,Medium,False,False,
CUST-0165,Wilkins-Mendoza,Media,SMB,Europe,Germany,2024-08-11,,Starter,Annual,Jordan Lee,Medium,False,False,
CUST-0166,Nelson-Hughes,Retail,Enterprise,APAC,Singapore,2024-07-11,,Enterprise,Annual,Avery Chen,Medium,False,False,
CUST-0167,Morgan Ltd,Professional Services,SMB,North America,United States,2024-06-04,,Starter,Annual,Ethan Kim,Low,False,False,
CUST-0168,"Martinez, Ortiz and Owens",Financial Services,Mid-Market,North America,Canada,2024-08-09,,Professional,Monthly,Avery Chen,Medium,False,False,
CUST-0169,Griffin PLC,Professional Services,Mid-Market,Europe,United Kingdom,2024-08-02,,Starter,Annual,Sofia Garcia,Medium,False,False,
CUST-0170,Smith Ltd,Hospitality,SMB,APAC,India,2025-12-27,,Starter,Monthly,Jordan Lee,Low,False,False,
CUST-0171,Carroll-Miller,Education,Mid-Market,North America,United States,2024-11-21,,Professional,Annual,Ethan Kim,Medium,False,False,
CUST-0172,"Vega, White and Watson",Hospitality,SMB,North America,United States,2024-11-09,,Starter,Annual,Jordan Lee,Medium,False,False,
CUST-0173,Kline-Anderson,Financial Services,SMB,North America,United States,2025-02-25,2025-08-22,Professional,Annual,Maya Patel,Low,False,False,
CUST-0174,"Edwards, Callahan and Taylor",Manufacturing,SMB,Europe,Germany,2025-09-07,,Starter,Monthly,Jordan Lee,Low,False,False,2026-03-01
CUST-0175,"Smith, Keith and Harding",Logistics,Mid-Market,North America,United States,2025-11-18,,Professional,Monthly,Sofia Garcia,High,False,False,
CUST-0176,Schultz Ltd,Logistics,Enterprise,Europe,Germany,2026-04-04,,Enterprise,Annual,Avery Chen,Low,True,False,
CUST-0177,"Payne, Henry and Reyes",Media,SMB,North America,United States,2025-11-29,,Starter,Annual,Noah Williams,Low,False,False,
CUST-0178,Jackson PLC,Education,SMB,North America,Canada,2025-10-23,,Starter,Annual,Noah Williams,Medium,True,False,
CUST-0179,Jackson-Flowers,Healthcare,Enterprise,APAC,Australia,2025-04-07,,Enterprise,Annual,Jordan Lee,Low,False,False,
CUST-0180,"Russell, Greer and Curtis",Hospitality,Enterprise,North America,Canada,2024-08-12,,Enterprise,Annual,Jordan Lee,Medium,False,False,
CUST-0181,Gordon-Black,Professional Services,Mid-Market,North America,Canada,2025-04-16,2026-05-06,Professional,Monthly,Jordan Lee,Medium,False,False,
CUST-0182,Phillips Ltd,Logistics,SMB,Europe,France,2024-08-18,,Starter,Annual,Sofia Garcia,Low,False,False,2025-11-01
CUST-0183,"Franklin, Rhodes and Jackson",Media,SMB,North America,United States,2025-11-28,,Starter,Monthly,Noah Williams,Low,False,False,
CUST-0184,Curtis Ltd,Hospitality,SMB,North America,United States,2024-12-07,,Professional,Monthly,Jordan Lee,Medium,False,False,
CUST-0185,"Roberson, Ray and Santos",Hospitality,Mid-Market,Europe,United Kingdom,2024-03-13,,Professional,Monthly,Jordan Lee,Low,False,False,
CUST-0186,Jones and Sons,Healthcare,SMB,Europe,Netherlands,2025-03-16,,Professional,Annual,Sofia Garcia,Low,False,False,
CUST-0187,Ferguson-Moran,Technology,SMB,North America,Canada,2025-01-22,,Starter,Annual,Jordan Lee,High,False,False,
CUST-0188,Schroeder-King,Logistics,SMB,Europe,France,2025-05-11,,Starter,Annual,Avery Chen,Low,False,False,2025-11-01
CUST-0189,Landry Ltd,Manufacturing,SMB,Europe,United Kingdom,2026-04-06,,Starter,Monthly,Avery Chen,Low,False,False,
CUST-0190,Morris Inc,Retail,SMB,North America,Canada,2026-02-04,,Starter,Annual,Jordan Lee,Medium,True,False,
CUST-0191,Turner-Jackson,Technology,SMB,APAC,Australia,2025-10-20,,Starter,Monthly,Jordan Lee,Low,True,False,
CUST-0192,Wang Inc,Logistics,SMB,North America,Canada,2024-05-04,,Starter,Annual,Sofia Garcia,Low,False,False,2025-12-01
CUST-0193,Gray-Pacheco,Financial Services,Mid-Market,APAC,Singapore,2026-01-28,,Professional,Annual,Avery Chen,Low,False,False,
CUST-0194,"Fletcher, Mccarthy and Michael",Retail,Enterprise,APAC,Singapore,2024-10-25,,Enterprise,Monthly,Avery Chen,High,False,False,
CUST-0195,Jackson-Singleton,Professional Services,Enterprise,North America,United States,2024-04-19,,Enterprise,Annual,Maya Patel,Low,False,False,
CUST-0196,Vance-Davis,Education,Mid-Market,APAC,Australia,2025-01-27,,Professional,Annual,Jordan Lee,High,False,False,
CUST-0197,"Torres, Ford and Martinez",Healthcare,Enterprise,Europe,Netherlands,2024-12-28,,Enterprise,Annual,Avery Chen,Low,False,False,
CUST-0198,Guerra-Scott,Financial Services,SMB,APAC,India,2025-11-10,,Starter,Monthly,Maya Patel,Low,False,False,
CUST-0199,"Randolph, Williams and Montgomery",Manufacturing,Mid-Market,North America,United States,2024-12-05,,Professional,Monthly,Noah Williams,Low,False,False,
CUST-0200,"Barron, Smith and Barnes",Media,SMB,North America,United States,2025-02-17,,Professional,Monthly,Jordan Lee,Low,False,False,2025-09-01
CUST-0201,James-Richmond,Media,Mid-Market,North America,Canada,2024-11-13,,Professional,Annual,Maya Patel,Low,False,False,
CUST-0202,Cooper Inc,Education,Mid-Market,North America,Canada,2025-09-19,2026-04-20,Professional,Monthly,Jordan Lee,Low,True,False,2026-04-01
CUST-0203,Long-Waters,Healthcare,Enterprise,APAC,Australia,2025-06-19,,Enterprise,Annual,Sofia Garcia,Medium,False,False,
CUST-0204,"Gutierrez, Chavez and Webster",Professional Services,SMB,North America,Canada,2024-12-12,,Starter,Annual,Ethan Kim,Low,False,False,
CUST-0205,"Johnson, King and Jones",Healthcare,SMB,APAC,Australia,2025-08-11,,Professional,Annual,Sofia Garcia,Low,False,False,
CUST-0206,Flynn Ltd,Media,Mid-Market,APAC,Australia,2025-09-09,,Enterprise,Monthly,Ethan Kim,Low,False,False,
CUST-0207,Barnett-Hopkins,Retail,Mid-Market,LATAM,Brazil,2026-02-20,,Professional,Annual,Jordan Lee,Low,False,False,
CUST-0208,Chambers-Long,Technology,SMB,North America,United States,2025-08-03,,Starter,Annual,Jordan Lee,Low,False,False,
CUST-0209,"Beltran, Taylor and Gonzalez",Hospitality,SMB,APAC,India,2024-06-23,,Starter,Annual,Avery Chen,Medium,False,False,
CUST-0210,Patterson Ltd,Logistics,Enterprise,APAC,Singapore,2024-09-13,,Professional,Annual,Avery Chen,Low,False,False,
CUST-0211,Phillips Group,Media,SMB,North America,Canada,2024-07-14,2025-07-24,Professional,Monthly,Sofia Garcia,Medium,False,False,
CUST-0212,Ruiz Group,Financial Services,SMB,North America,United States,2024-05-20,,Starter,Monthly,Sofia Garcia,Low,False,False,
CUST-0213,Gomez-Li,Professional Services,Enterprise,Europe,France,2024-03-14,,Enterprise,Annual,Noah Williams,Low,False,False,
CUST-0214,Reyes Inc,Education,SMB,Europe,France,2025-11-24,,Starter,Annual,Jordan Lee,Low,False,False,
CUST-0215,Harrison-Miller,Professional Services,Enterprise,North America,United States,2024-08-09,,Professional,Annual,Ethan Kim,Medium,False,False,
CUST-0216,White-Malone,Education,Mid-Market,APAC,Japan,2025-01-10,,Enterprise,Annual,Jordan Lee,Medium,False,False,
CUST-0217,Wells-Bishop,Professional Services,SMB,North America,Canada,2026-03-08,,Starter,Annual,Avery Chen,Low,True,False,
CUST-0218,"Rhodes, Martinez and Johnson",Education,Enterprise,North America,United States,2025-10-05,,Enterprise,Annual,Avery Chen,Medium,False,False,
CUST-0219,Walton-Reeves,Healthcare,Enterprise,North America,United States,2025-12-26,,Enterprise,Annual,Noah Williams,Low,False,False,
CUST-0220,Gonzalez-Li,Hospitality,Mid-Market,Europe,United Kingdom,2025-10-13,,Professional,Annual,Ethan Kim,Medium,False,False,
CUST-0221,Bray-Pierce,Manufacturing,SMB,North America,Canada,2025-06-17,,Starter,Annual,Sofia Garcia,Low,False,False,
CUST-0222,Rodriguez-Lozano,Professional Services,Enterprise,North America,Canada,2026-04-06,,Enterprise,Annual,Noah Williams,Medium,True,True,
CUST-0223,Nguyen-Gardner,Professional Services,Enterprise,North America,United States,2025-04-04,,Enterprise,Annual,Sofia Garcia,Medium,False,False,
CUST-0224,Harris and Sons,Manufacturing,SMB,North America,United States,2024-12-23,,Starter,Monthly,Maya Patel,Low,False,False,
CUST-0225,Taylor Inc,Education,Mid-Market,Europe,Germany,2024-09-18,,Enterprise,Annual,Ethan Kim,Low,False,False,
CUST-0226,Walker-White,Healthcare,SMB,North America,Canada,2024-05-26,,Starter,Monthly,Noah Williams,Low,False,False,
CUST-0227,Pierce Group,Media,Enterprise,APAC,India,2025-01-20,,Enterprise,Annual,Avery Chen,Medium,False,False,
CUST-0228,Castro-Sims,Logistics,Enterprise,North America,United States,2024-06-16,,Enterprise,Monthly,Avery Chen,Low,False,False,
CUST-0229,"Miller, Douglas and Campbell",Technology,SMB,Europe,Netherlands,2025-05-04,,Starter,Monthly,Noah Williams,Low,False,False,
CUST-0230,Williams-Williams,Hospitality,Enterprise,North America,Canada,2024-05-31,,Enterprise,Annual,Avery Chen,Low,True,False,
CUST-0231,Manning-Nolan,Hospitality,SMB,Europe,Germany,2025-04-13,,Starter,Monthly,Avery Chen,Medium,False,False,
CUST-0232,Vargas Group,Logistics,SMB,Europe,France,2025-02-05,,Starter,Annual,Ethan Kim,Low,False,False,2026-01-01
CUST-0233,Christensen PLC,Education,Enterprise,North America,Canada,2025-05-29,,Professional,Annual,Jordan Lee,Low,False,False,
CUST-0234,"Lopez, Snyder and Kramer",Media,SMB,Europe,France,2025-07-03,,Starter,Annual,Jordan Lee,Low,True,False,
CUST-0235,Robinson LLC,Education,SMB,North America,Canada,2024-04-29,,Starter,Annual,Sofia Garcia,Medium,False,False,
CUST-0236,Johnson PLC,Manufacturing,SMB,North America,United States,2025-12-04,,Starter,Monthly,Maya Patel,Medium,False,False,
CUST-0237,"Rose, Bryant and Martinez",Professional Services,Mid-Market,Europe,Germany,2026-02-06,,Professional,Monthly,Sofia Garcia,Low,False,False,
CUST-0238,Pruitt Ltd,Logistics,Mid-Market,North America,United States,2025-11-20,,Starter,Annual,Sofia Garcia,Medium,False,False,
CUST-0239,Reed PLC,Retail,SMB,North America,United States,2025-01-03,,Starter,Monthly,Jordan Lee,Low,True,False,2025-12-01
CUST-0240,Whitaker-Diaz,Technology,Mid-Market,APAC,India,2025-05-07,,Professional,Annual,Noah Williams,Low,False,False,
CUST-0241,"Jackson, Flores and Hall",Manufacturing,Enterprise,North America,Canada,2026-02-03,,Enterprise,Annual,Avery Chen,Low,False,False,
CUST-0242,Cervantes LLC,Healthcare,SMB,Europe,Germany,2025-01-07,,Starter,Annual,Noah Williams,Low,False,False,
CUST-0243,Willis-Shaw,Education,Enterprise,North America,United States,2025-04-28,,Enterprise,Monthly,Ethan Kim,Low,False,False,
CUST-0244,"Bishop, Johnson and Hernandez",Technology,SMB,APAC,Japan,2024-06-27,2025-04-14,Professional,Monthly,Ethan Kim,High,False,False,
CUST-0245,Carter-Tyler,Manufacturing,SMB,North America,Canada,2026-02-11,,Professional,Annual,Ethan Kim,Low,False,False,
CUST-0246,"Townsend, Williams and Powers",Education,SMB,North America,United States,2024-03-28,,Starter,Annual,Noah Williams,Low,False,False,2026-03-01
CUST-0247,Hall-Richardson,Technology,Enterprise,North America,Canada,2024-04-03,,Enterprise,Monthly,Ethan Kim,Low,True,True,
CUST-0248,"Bautista, Perez and Dunn",Professional Services,Mid-Market,North America,Canada,2025-04-26,,Starter,Annual,Jordan Lee,Medium,False,False,
CUST-0249,Weber and Sons,Logistics,Mid-Market,Europe,United Kingdom,2024-12-22,,Professional,Annual,Sofia Garcia,Low,False,False,
CUST-0250,Hernandez-Cox,Hospitality,SMB,APAC,Australia,2024-03-09,,Starter,Annual,Ethan Kim,Low,False,False,
CUST-0251,"Price, Fry and Martin",Media,Mid-Market,North America,Canada,2024-11-14,,Enterprise,Annual,Sofia Garcia,Low,False,False,
CUST-0252,Mcbride LLC,Hospitality,Mid-Market,LATAM,Brazil,2024-04-19,,Professional,Annual,Maya Patel,Low,False,False,
CUST-0253,Schmidt-Macdonald,Retail,Mid-Market,North America,Canada,2025-05-07,,Starter,Monthly,Jordan Lee,Medium,True,False,2026-03-01
CUST-0254,"Mills, Vargas and Lopez",Financial Services,SMB,Europe,Germany,2025-05-10,,Professional,Annual,Sofia Garcia,Low,False,False,
CUST-0255,"Ferguson, Valentine and Nolan",Hospitality,SMB,North America,United States,2024-10-30,,Starter,Annual,Ethan Kim,Low,False,False,
CUST-0256,Brown-Murray,Manufacturing,SMB,North America,Canada,2026-02-15,,Starter,Annual,Sofia Garcia,Low,False,False,
CUST-0257,Romero-Thompson,Education,SMB,Europe,Germany,2025-08-16,,Starter,Annual,Avery Chen,Low,False,False,
CUST-0258,"Fleming, Roberts and Davis",Manufacturing,Mid-Market,North America,United States,2025-10-15,,Professional,Annual,Maya Patel,Medium,False,False,
CUST-0259,Ramos Inc,Hospitality,Enterprise,LATAM,Mexico,2025-04-08,,Enterprise,Annual,Maya Patel,Low,False,False,
CUST-0260,Harris PLC,Hospitality,SMB,APAC,Japan,2025-02-10,2026-05-26,Starter,Annual,Avery Chen,Medium,False,False,2025-09-01
CUST-0261,Palmer-Reyes,Hospitality,Mid-Market,North America,United States,2025-06-15,,Professional,Monthly,Sofia Garcia,Low,True,True,
CUST-0262,Romero Inc,Media,SMB,APAC,Singapore,2025-12-26,,Starter,Monthly,Maya Patel,Medium,False,False,
CUST-0263,Patel-Martinez,Retail,Mid-Market,Europe,Germany,2024-07-16,,Starter,Annual,Jordan Lee,Medium,False,False,
CUST-0264,Arnold Ltd,Education,SMB,Europe,France,2025-07-31,,Professional,Monthly,Avery Chen,Medium,False,False,
CUST-0265,"Vega, Murphy and Levy",Education,Enterprise,Europe,United Kingdom,2025-01-05,,Enterprise,Annual,Sofia Garcia,Low,True,False,
CUST-0266,Rodriguez-Turner,Professional Services,SMB,Europe,France,2024-11-21,,Starter,Monthly,Sofia Garcia,Medium,False,False,2025-12-01
CUST-0267,"Calderon, Schroeder and Cherry",Professional Services,SMB,Europe,France,2024-08-01,,Starter,Annual,Maya Patel,Low,False,False,
CUST-0268,Marshall Inc,Hospitality,SMB,APAC,India,2025-10-08,,Professional,Annual,Avery Chen,Low,False,False,
CUST-0269,Perez Inc,Manufacturing,SMB,Europe,Netherlands,2024-12-26,,Starter,Annual,Jordan Lee,Medium,False,False,
CUST-0270,Barker-Mahoney,Financial Services,Mid-Market,Europe,Netherlands,2024-06-19,,Enterprise,Monthly,Maya Patel,Low,False,False,
CUST-0271,Dixon LLC,Hospitality,SMB,APAC,Australia,2025-09-01,,Starter,Monthly,Ethan Kim,Low,False,False,2026-03-01
CUST-0272,Sanders-Lynch,Healthcare,Mid-Market,North America,United States,2024-08-05,,Professional,Monthly,Jordan Lee,Medium,False,False,
CUST-0273,"Graham, Arnold and Hodges",Retail,Mid-Market,Europe,Netherlands,2025-02-18,,Professional,Monthly,Avery Chen,High,False,False,
CUST-0274,Schmidt Group,Education,SMB,North America,Canada,2024-10-24,,Starter,Annual,Ethan Kim,High,False,False,
CUST-0275,"Thompson, Bishop and Powers",Financial Services,SMB,North America,Canada,2024-04-29,,Starter,Monthly,Avery Chen,Low,False,False,
CUST-0276,Montgomery PLC,Professional Services,SMB,North America,Canada,2025-12-21,,Professional,Annual,Sofia Garcia,High,False,False,
CUST-0277,James-Horne,Education,Enterprise,LATAM,Mexico,2025-08-18,,Enterprise,Annual,Ethan Kim,Medium,False,False,
CUST-0278,Valentine-Branch,Manufacturing,Mid-Market,North America,United States,2025-08-08,,Professional,Monthly,Maya Patel,Low,False,False,
CUST-0279,Wade PLC,Financial Services,Enterprise,North America,Canada,2025-07-15,,Enterprise,Annual,Maya Patel,Medium,False,False,
CUST-0280,"Ross, Warren and Evans",Hospitality,SMB,APAC,Singapore,2024-06-24,,Starter,Annual,Noah Williams,High,True,False,
CUST-0281,"Lopez, Smith and Mason",Hospitality,SMB,LATAM,Brazil,2024-03-17,,Starter,Monthly,Noah Williams,Low,False,False,
CUST-0282,Lee-Lee,Logistics,Enterprise,North America,United States,2026-03-09,,Enterprise,Annual,Jordan Lee,Low,False,False,
CUST-0283,"Harris, Booker and Silva",Manufacturing,Mid-Market,North America,United States,2026-03-26,,Professional,Annual,Maya Patel,Medium,False,False,
CUST-0284,Martinez PLC,Retail,SMB,North America,Canada,2024-07-20,2026-03-08,Starter,Annual,Noah Williams,High,False,False,
CUST-0285,"Haley, Rich and Morris",Professional Services,Enterprise,North America,United States,2024-10-30,,Professional,Monthly,Sofia Garcia,Medium,False,False,
CUST-0286,Harrington and Sons,Financial Services,Mid-Market,LATAM,Mexico,2024-10-07,,Professional,Monthly,Jordan Lee,Low,False,False,2026-04-01
CUST-0287,Bass-Ramirez,Professional Services,SMB,APAC,Singapore,2024-11-08,,Professional,Monthly,Sofia Garcia,Low,False,False,
CUST-0288,"Sullivan, Luna and Huffman",Professional Services,Mid-Market,APAC,Australia,2024-03-06,,Professional,Monthly,Sofia Garcia,Low,False,False,2026-03-01
CUST-0289,Diaz Group,Media,SMB,Europe,Germany,2026-01-27,,Starter,Annual,Jordan Lee,Medium,False,False,
CUST-0290,Johnson Ltd,Logistics,Mid-Market,North America,Canada,2026-03-10,,Professional,Annual,Jordan Lee,Low,False,False,
CUST-0291,Flowers Inc,Media,SMB,North America,Canada,2024-08-16,,Starter,Monthly,Sofia Garcia,Medium,False,False,
CUST-0292,"Allen, Watkins and Kirby",Technology,SMB,North America,United States,2025-12-14,,Starter,Monthly,Jordan Lee,Low,False,False,
CUST-0293,Jones PLC,Education,Enterprise,North America,Canada,2025-11-29,,Enterprise,Monthly,Noah Williams,Low,True,True,
CUST-0294,"Parrish, Burnett and Rhodes",Manufacturing,SMB,LATAM,Mexico,2025-03-02,,Starter,Monthly,Avery Chen,Low,False,False,
CUST-0295,Palmer-Morgan,Education,SMB,North America,United States,2025-03-15,,Starter,Annual,Maya Patel,Low,False,False,
CUST-0296,Campbell and Sons,Logistics,Mid-Market,Europe,France,2025-03-07,2026-03-23,Professional,Annual,Jordan Lee,Low,False,False,
CUST-0297,"Rodriguez, Becker and Pena",Professional Services,Enterprise,Europe,United Kingdom,2026-03-20,,Enterprise,Monthly,Noah Williams,Low,False,False,
CUST-0298,Young-Francis,Manufacturing,Mid-Market,Europe,United Kingdom,2024-03-14,2025-05-26,Starter,Monthly,Jordan Lee,Medium,False,False,
CUST-0299,Torres-Santos,Retail,Mid-Market,North America,United States,2025-02-01,,Professional,Monthly,Avery Chen,Low,False,False,
CUST-0300,Snyder-Walker,Healthcare,Mid-Market,North America,United States,2024-07-02,,Professional,Annual,Noah Williams,High,False,False,
CUST-0301,"Olson, Olson and Salinas",Logistics,Mid-Market,Europe,Germany,2024-04-18,,Professional,Annual,Noah Williams,Low,False,False,
CUST-0302,Duncan Inc,Technology,SMB,APAC,Singapore,2024-12-13,,Starter,Monthly,Maya Patel,Low,False,False,
CUST-0303,Shaw-Blake,Logistics,SMB,Europe,Germany,2025-01-09,,Professional,Annual,Ethan Kim,Low,False,False,
CUST-0304,"Williams, Good and Reyes",Professional Services,SMB,North America,Canada,2026-03-29,,Starter,Monthly,Maya Patel,Medium,False,False,
CUST-0305,"Ritter, Pierce and Torres",Education,SMB,Europe,Germany,2024-03-07,2025-11-23,Starter,Annual,Maya Patel,High,True,False,
CUST-0306,"Newman, Flores and Frazier",Technology,SMB,North America,United States,2026-02-26,,Starter,Monthly,Sofia Garcia,Low,False,False,
CUST-0307,"Miranda, Moore and Bates",Media,SMB,LATAM,Brazil,2025-07-28,,Starter,Monthly,Ethan Kim,Low,False,False,
CUST-0308,Page-Green,Manufacturing,Mid-Market,North America,United States,2026-01-08,,Professional,Monthly,Sofia Garcia,Medium,False,False,
CUST-0309,Cruz Group,Hospitality,SMB,North America,Canada,2025-04-12,2025-09-12,Starter,Annual,Avery Chen,Medium,False,False,
CUST-0310,Juarez and Sons,Healthcare,SMB,North America,Canada,2025-04-21,,Starter,Annual,Ethan Kim,Medium,True,False,
CUST-0311,"Guzman, Hoffman and Harris",Media,SMB,North America,United States,2025-03-13,,Starter,Annual,Avery Chen,Medium,False,False,
CUST-0312,"Robertson, Gomez and Bailey",Professional Services,Enterprise,North America,United States,2025-01-27,,Enterprise,Annual,Noah Williams,Medium,False,False,
CUST-0313,"Simpson, Rose and Thompson",Hospitality,SMB,Europe,France,2026-02-14,,Starter,Annual,Maya Patel,High,False,False,
CUST-0314,Howard Inc,Logistics,SMB,North America,Canada,2024-05-06,,Starter,Monthly,Maya Patel,Low,False,False,
CUST-0315,"Williams, Butler and Key",Retail,SMB,Europe,Germany,2024-09-29,,Starter,Monthly,Sofia Garcia,Medium,False,False,
CUST-0316,Banks Inc,Financial Services,Mid-Market,Europe,France,2025-02-02,,Enterprise,Monthly,Jordan Lee,Low,False,False,
CUST-0317,"Gonzalez, Alexander and Dominguez",Hospitality,Mid-Market,North America,United States,2025-12-10,,Professional,Annual,Jordan Lee,Low,False,False,
CUST-0318,Myers and Sons,Manufacturing,SMB,APAC,India,2026-01-20,,Starter,Annual,Noah Williams,Low,False,False,
CUST-0319,"Gallegos, Smith and Williams",Hospitality,SMB,North America,Canada,2024-12-23,,Starter,Annual,Noah Williams,Low,False,False,
CUST-0320,White Inc,Retail,Mid-Market,North America,United States,2024-10-18,,Professional,Annual,Ethan Kim,Medium,False,False,2026-01-01
CUST-0321,Holmes Group,Healthcare,SMB,Europe,Netherlands,2025-04-04,,Starter,Annual,Avery Chen,Low,False,False,
CUST-0322,Lynn-Gardner,Professional Services,Enterprise,North America,United States,2024-09-19,,Enterprise,Annual,Ethan Kim,Low,False,False,
CUST-0323,"Wright, Garner and Jones",Hospitality,Mid-Market,Europe,Netherlands,2026-04-01,,Professional,Annual,Avery Chen,High,False,False,
CUST-0324,Allen-Tran,Hospitality,SMB,North America,Canada,2025-04-09,,Starter,Monthly,Ethan Kim,Medium,False,False,
CUST-0325,Peters-Carter,Retail,SMB,North America,Canada,2026-01-06,,Starter,Annual,Maya Patel,Low,False,False,
CUST-0326,Carter Inc,Financial Services,Enterprise,North America,United States,2026-02-17,,Enterprise,Annual,Jordan Lee,Medium,True,False,
CUST-0327,Zhang PLC,Media,SMB,Europe,France,2025-11-04,,Starter,Monthly,Jordan Lee,Medium,False,False,
CUST-0328,"Williams, Herrera and Harris",Professional Services,Mid-Market,North America,United States,2024-07-24,,Enterprise,Annual,Noah Williams,Low,False,False,
CUST-0329,"Lawson, Miller and Mendoza",Professional Services,SMB,North America,Canada,2024-07-28,,Professional,Annual,Maya Patel,Low,False,False,
CUST-0330,Smith-Ellison,Retail,SMB,North America,Canada,2024-03-27,,Starter,Annual,Maya Patel,Medium,False,False,
CUST-0331,Pearson Ltd,Logistics,Enterprise,North America,United States,2024-05-07,,Enterprise,Annual,Maya Patel,High,True,False,
CUST-0332,"Miller, Deleon and Delgado",Professional Services,Mid-Market,Europe,France,2025-01-30,,Professional,Annual,Jordan Lee,Low,False,False,
CUST-0333,"Trevino, Harrison and Collins",Healthcare,Mid-Market,Europe,France,2024-10-08,,Professional,Monthly,Jordan Lee,Low,True,False,2026-01-01
CUST-0334,Flynn Inc,Media,SMB,North America,United States,2024-03-27,,Starter,Annual,Sofia Garcia,Medium,True,False,
CUST-0335,"Arnold, Morales and Sanchez",Hospitality,Mid-Market,North America,Canada,2024-07-14,,Professional,Annual,Sofia Garcia,Medium,False,False,
CUST-0336,Mahoney and Sons,Logistics,Mid-Market,Europe,Germany,2024-06-20,,Enterprise,Annual,Sofia Garcia,Medium,False,False,
CUST-0337,"Frazier, Duran and Murray",Manufacturing,Enterprise,North America,Canada,2026-03-13,,Enterprise,Annual,Ethan Kim,Low,False,False,
CUST-0338,Gross Group,Logistics,Mid-Market,Europe,Netherlands,2024-11-24,,Professional,Annual,Noah Williams,Low,False,False,
CUST-0339,Stone-Velasquez,Financial Services,SMB,North America,United States,2026-03-14,,Starter,Annual,Maya Patel,Low,False,False,
CUST-0340,Frost Inc,Media,SMB,Europe,Netherlands,2024-05-22,,Starter,Annual,Noah Williams,Low,False,False,
CUST-0341,Carroll-Reid,Professional Services,Enterprise,North America,United States,2024-09-03,,Enterprise,Annual,Avery Chen,Medium,False,False,
CUST-0342,"Garcia, Marshall and Smith",Education,SMB,North America,United States,2025-08-09,,Starter,Annual,Maya Patel,Medium,True,False,
CUST-0343,Martin-Foster,Media,SMB,North America,United States,2024-10-27,2025-12-06,Starter,Monthly,Maya Patel,High,False,False,
CUST-0344,"Scott, Alexander and Williams",Technology,Enterprise,APAC,Japan,2024-04-07,2025-11-30,Enterprise,Monthly,Sofia Garcia,High,True,True,
CUST-0345,"Herring, Carrillo and Horne",Retail,SMB,Europe,Germany,2024-10-21,,Starter,Annual,Ethan Kim,Low,False,False,
CUST-0346,"Smith, Elliott and Gomez",Logistics,SMB,North America,Canada,2026-02-10,,Starter,Annual,Avery Chen,Low,False,False,
CUST-0347,Henry LLC,Logistics,SMB,Europe,Netherlands,2026-03-06,,Professional,Annual,Sofia Garcia,Medium,True,True,
CUST-0348,"Heath, Caldwell and Williams",Hospitality,SMB,North America,Canada,2025-04-30,,Starter,Monthly,Ethan Kim,High,False,False,
CUST-0349,Pearson-Owen,Retail,SMB,North America,Canada,2025-04-22,2025-10-03,Starter,Monthly,Sofia Garcia,Medium,False,False,
CUST-0350,"Jackson, Miller and Nguyen",Technology,Mid-Market,APAC,Australia,2025-10-21,,Professional,Annual,Maya Patel,Low,False,False,
CUST-0351,"Anderson, Pena and Downs",Financial Services,Mid-Market,Europe,Germany,2025-10-04,,Professional,Annual,Noah Williams,Low,True,False,
CUST-0352,Wyatt-Atkins,Financial Services,Enterprise,North America,Canada,2025-07-13,,Professional,Annual,Noah Williams,Medium,False,False,
CUST-0353,"Carrillo, Huber and Brown",Financial Services,SMB,Europe,Germany,2026-02-04,,Starter,Annual,Ethan Kim,Low,False,False,
CUST-0354,Maddox-Harvey,Professional Services,Mid-Market,Europe,France,2025-09-06,,Professional,Monthly,Noah Williams,High,False,False,
CUST-0355,Sanchez-Bradford,Retail,Mid-Market,Europe,United Kingdom,2025-04-22,,Starter,Monthly,Avery Chen,Low,True,False,
CUST-0356,Boyer-Brown,Professional Services,SMB,North America,Canada,2024-10-12,,Starter,Monthly,Ethan Kim,Low,False,False,
CUST-0357,"Chambers, Sanders and Hopkins",Professional Services,SMB,Europe,Germany,2024-12-04,,Starter,Monthly,Noah Williams,Low,False,False,
CUST-0358,"Taylor, Hester and Dennis",Education,Enterprise,Europe,France,2024-03-27,2026-01-25,Enterprise,Annual,Maya Patel,Medium,False,False,
CUST-0359,Reynolds LLC,Financial Services,SMB,APAC,India,2025-10-20,,Professional,Annual,Avery Chen,High,False,False,
CUST-0360,Thompson Group,Media,SMB,APAC,Japan,2025-07-02,,Starter,Monthly,Avery Chen,Low,False,False,
CUST-0361,"Wells, Harris and Campbell",Hospitality,SMB,North America,Canada,2025-10-14,2026-04-09,Professional,Monthly,Sofia Garcia,Medium,False,False,
CUST-0362,Cowan-Bell,Technology,SMB,Europe,France,2025-06-03,,Starter,Annual,Sofia Garcia,Low,False,False,
CUST-0363,"Kim, Gonzalez and Wood",Logistics,Mid-Market,Europe,United Kingdom,2025-02-04,,Professional,Annual,Noah Williams,Low,False,False,
CUST-0364,Ho-Casey,Education,Mid-Market,North America,United States,2024-10-11,,Professional,Annual,Ethan Kim,Medium,False,False,
CUST-0365,"Mcmillan, Kirby and Hansen",Media,SMB,APAC,Singapore,2026-01-30,,Professional,Annual,Avery Chen,Low,False,False,
CUST-0366,Fitzpatrick-Miranda,Technology,SMB,LATAM,Mexico,2025-07-17,,Starter,Monthly,Avery Chen,Low,False,False,
CUST-0367,"Byrd, Jackson and Payne",Hospitality,SMB,North America,Canada,2025-02-17,,Professional,Monthly,Ethan Kim,Medium,False,False,
CUST-0368,Thompson-Melendez,Financial Services,SMB,Europe,Germany,2025-04-13,,Starter,Monthly,Ethan Kim,Low,False,False,
CUST-0369,Bell-Aguilar,Media,Mid-Market,APAC,India,2025-03-21,,Starter,Annual,Ethan Kim,Low,False,False,
CUST-0370,Dominguez LLC,Professional Services,SMB,North America,United States,2024-03-08,,Starter,Monthly,Jordan Lee,Low,False,False,
CUST-0371,Stephens-Mcclure,Retail,Enterprise,LATAM,Mexico,2025-08-23,,Enterprise,Annual,Sofia Garcia,Low,False,False,
CUST-0372,"Evans, Montoya and Herrera",Financial Services,SMB,North America,Canada,2024-07-23,,Starter,Annual,Noah Williams,Low,True,False,
CUST-0373,"Gutierrez, Smith and Frank",Education,SMB,APAC,India,2025-12-11,,Starter,Monthly,Maya Patel,Medium,False,False,
CUST-0374,Jones-Castro,Retail,Mid-Market,North America,Canada,2025-09-21,2026-04-09,Starter,Monthly,Ethan Kim,High,True,False,
CUST-0375,"Murray, Lowe and Gonzales",Media,SMB,North America,United States,2024-05-01,,Starter,Annual,Ethan Kim,Low,True,False,
CUST-0376,"Smith, Velasquez and Arnold",Technology,Enterprise,APAC,Australia,2025-03-03,,Enterprise,Monthly,Noah Williams,Low,False,False,
CUST-0377,Peterson Ltd,Professional Services,SMB,APAC,India,2024-12-30,,Starter,Annual,Noah Williams,Low,False,False,
CUST-0378,Shields-Rodriguez,Media,SMB,APAC,India,2025-10-31,,Starter,Annual,Avery Chen,Low,False,False,2026-04-01
CUST-0379,Foster-Andrews,Education,Mid-Market,North America,Canada,2026-02-07,,Professional,Annual,Sofia Garcia,Medium,False,False,
CUST-0380,Martinez-Cox,Financial Services,SMB,APAC,Japan,2025-11-19,,Starter,Annual,Ethan Kim,Medium,False,False,
CUST-0381,"Jacobs, Harris and Howell",Logistics,Mid-Market,LATAM,Mexico,2024-11-06,,Professional,Monthly,Avery Chen,Low,False,False,
CUST-0382,Torres Group,Professional Services,Mid-Market,APAC,Japan,2024-06-04,,Professional,Annual,Sofia Garcia,Low,False,False,
CUST-0383,"Robertson, Beck and Taylor",Manufacturing,SMB,Europe,France,2026-01-25,,Starter,Annual,Noah Williams,Medium,False,False,
CUST-0384,"Mcknight, Wolf and Hood",Retail,SMB,North America,Canada,2024-12-31,,Starter,Annual,Noah Williams,Medium,True,False,2025-12-01
CUST-0385,Reed LLC,Financial Services,Mid-Market,North America,United States,2025-03-11,2025-10-08,Professional,Annual,Jordan Lee,Low,False,False,
CUST-0386,Boyd LLC,Professional Services,SMB,North America,United States,2024-10-28,2026-01-21,Starter,Monthly,Sofia Garcia,Low,False,False,
CUST-0387,"Evans, Jones and Lee",Logistics,SMB,Europe,Germany,2024-04-11,,Professional,Annual,Noah Williams,Low,False,False,2026-03-01
CUST-0388,Wagner PLC,Professional Services,SMB,North America,Canada,2025-01-18,,Starter,Annual,Maya Patel,Low,False,False,
CUST-0389,Brady-Richardson,Financial Services,SMB,North America,United States,2024-04-20,,Starter,Monthly,Ethan Kim,Low,False,False,
CUST-0390,"Russell, Hickman and Smith",Professional Services,Enterprise,Europe,United Kingdom,2024-12-25,,Enterprise,Annual,Sofia Garcia,Low,False,False,
CUST-0391,Harris Ltd,Healthcare,SMB,LATAM,Mexico,2025-10-25,,Starter,Annual,Ethan Kim,Low,False,False,
CUST-0392,"Johnson, Becker and Murphy",Logistics,Mid-Market,Europe,Germany,2024-09-13,,Professional,Annual,Noah Williams,Low,True,True,2025-09-01
CUST-0393,Wyatt Ltd,Hospitality,SMB,APAC,India,2024-05-07,,Starter,Annual,Jordan Lee,Low,False,False,2025-08-01
CUST-0394,Campos Group,Media,Mid-Market,Europe,United Kingdom,2024-08-05,2025-10-27,Professional,Annual,Maya Patel,Medium,True,True,
CUST-0395,Perez-Cruz,Professional Services,SMB,North America,Canada,2025-10-26,,Starter,Annual,Maya Patel,Low,False,False,
CUST-0396,Clark-Tucker,Media,Mid-Market,North America,United States,2025-10-22,,Enterprise,Annual,Noah Williams,Low,False,False,
CUST-0397,Robinson Group,Hospitality,SMB,North America,United States,2025-03-24,,Starter,Monthly,Maya Patel,Medium,True,False,2025-10-01
CUST-0398,Grant-Robinson,Manufacturing,Enterprise,Europe,France,2025-11-11,,Enterprise,Annual,Ethan Kim,Low,False,False,
CUST-0399,Flores-Smith,Manufacturing,SMB,Europe,France,2024-07-29,,Starter,Monthly,Avery Chen,Low,False,False,
CUST-0400,"Brown, Lee and Kemp",Retail,SMB,North America,United States,2025-01-31,,Starter,Annual,Sofia Garcia,Medium,False,False,
CUST-0401,Mason-Glass,Healthcare,SMB,North America,Canada,2025-08-23,,Starter,Annual,Ethan Kim,Low,False,False,
CUST-0402,Cohen-Hudson,Education,SMB,LATAM,Brazil,2025-12-01,,Starter,Annual,Maya Patel,Medium,False,False,
CUST-0403,Sampson Inc,Hospitality,SMB,Europe,Germany,2024-03-22,,Starter,Annual,Ethan Kim,Medium,False,False,
CUST-0404,"Mcgee, Elliott and Pope",Professional Services,SMB,North America,United States,2025-03-02,,Starter,Annual,Avery Chen,Medium,False,False,
CUST-0405,Brown-Atkins,Media,SMB,Europe,France,2024-08-24,,Professional,Annual,Ethan Kim,Low,False,False,
CUST-0406,Ho-Williams,Technology,SMB,Europe,Netherlands,2024-06-25,,Starter,Annual,Sofia Garcia,Medium,True,False,
CUST-0407,Jones-Diaz,Media,SMB,North America,Canada,2024-07-28,,Starter,Annual,Avery Chen,High,False,False,
CUST-0408,Potter Group,Education,SMB,Europe,Germany,2024-09-14,,Starter,Annual,Noah Williams,Low,True,False,2025-09-01
CUST-0409,Jenkins Inc,Financial Services,SMB,North America,United States,2025-12-11,,Starter,Annual,Avery Chen,Medium,False,False,
CUST-0410,Wheeler Group,Media,SMB,North America,Canada,2025-12-06,,Professional,Annual,Maya Patel,Low,True,False,
CUST-0411,Cannon Group,Education,Mid-Market,Europe,United Kingdom,2025-04-06,,Professional,Annual,Noah Williams,High,False,False,2025-12-01
CUST-0412,Meyer-Williams,Media,Enterprise,Europe,France,2024-09-22,,Professional,Annual,Avery Chen,Low,False,False,
CUST-0413,Short-Grant,Professional Services,SMB,APAC,Australia,2025-03-28,,Starter,Monthly,Avery Chen,Medium,False,False,
CUST-0414,Mora-Myers,Financial Services,Mid-Market,APAC,Japan,2025-11-28,2026-05-08,Starter,Annual,Noah Williams,High,True,False,
CUST-0415,Murphy-Walker,Hospitality,Enterprise,North America,United States,2024-03-27,,Enterprise,Annual,Ethan Kim,Low,False,False,
CUST-0416,Terrell PLC,Technology,SMB,LATAM,Brazil,2024-10-01,,Starter,Monthly,Jordan Lee,Low,False,False,
CUST-0417,"Johnson, Gonzalez and Clayton",Logistics,Mid-Market,Europe,France,2024-10-05,2025-04-20,Professional,Monthly,Sofia Garcia,Low,False,False,
CUST-0418,Rowland-Aguilar,Manufacturing,Mid-Market,APAC,Singapore,2024-04-22,2026-03-09,Professional,Monthly,Maya Patel,Low,True,True,
CUST-0419,Cook-Sheppard,Technology,SMB,North America,United States,2024-08-04,,Professional,Monthly,Avery Chen,Medium,False,False,
CUST-0420,"Vasquez, Morris and Lane",Hospitality,SMB,North America,United States,2025-11-24,,Starter,Annual,Sofia Garcia,Medium,False,False,
CUST-0421,Sawyer-Craig,Financial Services,Enterprise,APAC,Japan,2025-04-11,,Professional,Annual,Sofia Garcia,Low,False,False,
CUST-0422,"Owens, Ball and Lopez",Education,Mid-Market,APAC,Singapore,2025-04-20,,Professional,Annual,Ethan Kim,High,False,False,
CUST-0423,Mathews-Daniels,Healthcare,Enterprise,North America,United States,2025-01-31,,Professional,Annual,Noah Williams,Low,False,False,
CUST-0424,Barnes-Bradley,Technology,SMB,Europe,Germany,2025-09-26,,Starter,Monthly,Sofia Garcia,Low,False,False,
CUST-0425,White Group,Healthcare,SMB,Europe,United Kingdom,2025-05-10,,Starter,Annual,Sofia Garcia,Low,False,False,2026-01-01
CUST-0426,Harris-Garcia,Retail,SMB,North America,United States,2024-10-07,,Professional,Annual,Maya Patel,Low,False,False,
CUST-0427,"Clark, Thomas and Adkins",Technology,Mid-Market,APAC,Japan,2024-09-22,,Professional,Monthly,Maya Patel,Medium,False,False,
CUST-0428,Hernandez-Stewart,Hospitality,SMB,LATAM,Brazil,2024-12-14,,Starter,Annual,Avery Chen,Low,False,False,
CUST-0429,Alexander Group,Logistics,SMB,North America,Canada,2024-12-09,,Starter,Annual,Jordan Lee,Low,False,False,2026-01-01
CUST-0430,Smith-Morris,Healthcare,Enterprise,Europe,United Kingdom,2024-06-27,,Enterprise,Annual,Maya Patel,Low,False,False,
CUST-0431,Jenkins-Powell,Retail,Mid-Market,North America,Canada,2026-01-14,,Professional,Monthly,Avery Chen,Low,True,False,
CUST-0432,Hopkins Group,Retail,Mid-Market,North America,United States,2025-09-01,,Professional,Annual,Ethan Kim,Low,True,False,
CUST-0433,"Hancock, Harper and Singh",Technology,SMB,North America,United States,2024-04-30,,Starter,Monthly,Ethan Kim,Medium,True,False,
CUST-0434,Hahn and Sons,Logistics,SMB,Europe,Netherlands,2025-05-13,,Starter,Annual,Sofia Garcia,Low,True,False,
CUST-0435,"Matthews, Cummings and Hughes",Technology,SMB,Europe,Germany,2025-07-10,,Starter,Monthly,Jordan Lee,Medium,False,False,
CUST-0436,Smith-James,Manufacturing,SMB,APAC,Japan,2025-08-04,,Starter,Monthly,Noah Williams,Low,False,False,
CUST-0437,Golden-Rogers,Logistics,SMB,North America,United States,2025-04-29,,Professional,Annual,Jordan Lee,Medium,False,False,
CUST-0438,Fox LLC,Technology,Mid-Market,North America,United States,2026-01-07,,Starter,Monthly,Noah Williams,Low,False,False,
CUST-0439,Burgess Inc,Retail,Enterprise,North America,United States,2026-01-29,,Enterprise,Monthly,Ethan Kim,Low,True,True,
CUST-0440,Nguyen-Murphy,Manufacturing,Mid-Market,Europe,France,2025-10-21,,Professional,Annual,Noah Williams,Medium,False,False,
CUST-0441,Costa Group,Technology,SMB,North America,United States,2025-05-12,,Starter,Annual,Sofia Garcia,Low,False,False,
CUST-0442,"Martin, Jackson and Davis",Hospitality,Enterprise,North America,United States,2024-09-28,,Enterprise,Monthly,Noah Williams,Low,True,False,
CUST-0443,Thomas-Townsend,Technology,SMB,Europe,United Kingdom,2025-07-12,,Starter,Monthly,Ethan Kim,Low,False,False,
CUST-0444,Odonnell-Padilla,Media,Mid-Market,North America,United States,2025-06-13,,Professional,Monthly,Ethan Kim,Low,False,False,
CUST-0445,Clark-Robinson,Technology,Enterprise,North America,Canada,2024-08-20,,Professional,Monthly,Avery Chen,Medium,False,False,
CUST-0446,White Ltd,Manufacturing,SMB,North America,United States,2024-09-25,,Starter,Annual,Sofia Garcia,Low,False,False,
CUST-0447,Wright-Haas,Logistics,SMB,Europe,Netherlands,2026-01-14,,Starter,Annual,Noah Williams,Low,False,False,
CUST-0448,"Burke, Davis and Smith",Education,SMB,APAC,Australia,2026-01-23,,Starter,Annual,Jordan Lee,Low,False,False,
CUST-0449,Williams LLC,Education,Enterprise,North America,United States,2024-06-06,,Enterprise,Monthly,Ethan Kim,Low,False,False,
CUST-0450,Tate-White,Education,SMB,Europe,Germany,2026-01-16,,Starter,Monthly,Jordan Lee,Low,False,False,
CUST-0451,Anderson-Martin,Media,Mid-Market,Europe,Netherlands,2026-02-15,,Professional,Annual,Avery Chen,Low,False,False,
CUST-0452,Howard-Curtis,Education,SMB,North America,Canada,2025-09-10,2026-03-31,Starter,Annual,Noah Williams,High,False,False,
CUST-0453,Williams-Melendez,Hospitality,Mid-Market,North America,Canada,2025-10-27,2026-04-24,Professional,Annual,Jordan Lee,Medium,False,False,
CUST-0454,"Landry, Kirby and Murray",Manufacturing,SMB,North America,Canada,2024-05-18,,Professional,Annual,Ethan Kim,Low,False,False,
CUST-0455,Larson-Ford,Media,SMB,North America,Canada,2026-03-16,,Starter,Monthly,Avery Chen,Low,False,False,
CUST-0456,Sanchez LLC,Financial Services,Mid-Market,North America,United States,2025-04-09,2026-04-19,Professional,Annual,Maya Patel,Low,False,False,
CUST-0457,Huang Group,Retail,SMB,Europe,France,2025-01-03,,Starter,Monthly,Jordan Lee,Medium,False,False,
CUST-0458,"Smith, Jones and Thomas",Financial Services,Enterprise,North America,United States,2025-04-11,2026-02-20,Professional,Monthly,Jordan Lee,High,False,False,
CUST-0459,"Phillips, Barton and Campbell",Financial Services,Mid-Market,North America,Canada,2025-01-17,,Professional,Annual,Avery Chen,Low,False,False,
CUST-0460,"Figueroa, Scott and Bates",Financial Services,SMB,Europe,France,2025-11-24,,Starter,Annual,Jordan Lee,Medium,False,False,
CUST-0461,Payne-Vasquez,Financial Services,SMB,North America,United States,2026-02-17,,Starter,Annual,Noah Williams,Low,False,False,
CUST-0462,"Young, Lee and Wagner",Professional Services,SMB,North America,Canada,2024-10-02,,Starter,Monthly,Maya Patel,Low,False,False,
CUST-0463,"Sheppard, Mercado and Rivera",Professional Services,SMB,North America,Canada,2024-03-26,,Starter,Annual,Sofia Garcia,Low,False,False,
CUST-0464,Salazar-Rivera,Financial Services,SMB,North America,United States,2024-04-01,,Starter,Monthly,Noah Williams,Low,False,False,
CUST-0465,Buchanan PLC,Media,SMB,APAC,Australia,2025-09-25,,Starter,Annual,Avery Chen,Medium,False,False,
CUST-0466,Robinson Ltd,Professional Services,SMB,LATAM,Mexico,2024-09-15,,Starter,Monthly,Sofia Garcia,Low,False,False,2025-10-01
CUST-0467,"Poole, Strong and Miller",Technology,Mid-Market,North America,Canada,2026-02-25,,Professional,Annual,Jordan Lee,High,False,False,
CUST-0468,Barker Group,Education,Mid-Market,North America,Canada,2026-02-19,,Professional,Annual,Sofia Garcia,Medium,False,False,
CUST-0469,"Sherman, Patel and Freeman",Professional Services,SMB,North America,United States,2024-04-09,2025-11-16,Starter,Monthly,Sofia Garcia,High,False,False,
CUST-0470,Peck-Maxwell,Manufacturing,SMB,North America,United States,2026-01-21,,Starter,Annual,Ethan Kim,Low,False,False,
CUST-0471,"Smith, Edwards and Huffman",Hospitality,Mid-Market,North America,Canada,2024-10-04,,Professional,Annual,Noah Williams,High,False,False,
CUST-0472,Hebert-Martinez,Retail,SMB,North America,United States,2025-01-31,,Professional,Monthly,Sofia Garcia,Low,False,False,
CUST-0473,"Black, Lowe and Miller",Hospitality,SMB,North America,United States,2024-04-13,,Starter,Monthly,Maya Patel,Low,False,False,
CUST-0474,"Mendoza, Sullivan and Robertson",Media,SMB,North America,Canada,2024-08-03,,Professional,Monthly,Ethan Kim,Low,False,False,
CUST-0475,"Stewart, Reynolds and Summers",Healthcare,Mid-Market,Europe,France,2024-07-03,,Professional,Annual,Maya Patel,Medium,True,True,
CUST-0476,Kennedy-Bishop,Professional Services,Enterprise,North America,United States,2026-03-10,,Enterprise,Annual,Jordan Lee,Low,False,False,
CUST-0477,"Ward, Torres and Ryan",Financial Services,SMB,North America,United States,2025-01-22,,Starter,Annual,Maya Patel,Low,True,False,2026-03-01
CUST-0478,Farrell Inc,Technology,SMB,LATAM,Mexico,2024-10-20,,Starter,Monthly,Maya Patel,Medium,False,False,
CUST-0479,Liu and Sons,Financial Services,SMB,APAC,India,2025-12-29,,Starter,Monthly,Sofia Garcia,Medium,False,False,
CUST-0480,Turner LLC,Financial Services,Enterprise,Europe,United Kingdom,2024-11-23,,Enterprise,Monthly,Avery Chen,Medium,False,False,
